order_id,date,item_name,item_type,item_price,quantity,transaction_amount,transaction_type,received_by,time_of_sale,day_of_week,month,day,is_weekend,category_group
1,2022-07-03,Aalopuri,Fastfood,20,13,260,Unknown,Mr.,Night,Sunday,7,3,True,Food
2,2022-10-06,Vadapav,Fastfood,20,15,300,Cash,Mr.,Afternoon,Thursday,10,6,False,Food
3,2022-10-06,Vadapav,Fastfood,20,1,20,Cash,Mr.,Afternoon,Thursday,10,6,False,Food
4,2023-02-03,Sugarcane juice,Beverages,25,6,150,Online,Mr.,Night,Friday,2,3,False,Drink
5,2022-10-02,Sugarcane juice,Beverages,25,8,200,Online,Mr.,Evening,Sunday,10,2,True,Drink
6,2022-10-06,Vadapav,Fastfood,20,10,200,Cash,Mr.,Evening,Thursday,10,6,False,Food
7,2022-05-03,Sugarcane juice,Beverages,25,9,225,Cash,Mr.,Evening,Tuesday,5,3,False,Drink
8,2022-10-06,Panipuri,Fastfood,20,14,280,Online,Mr.,Night,Thursday,10,6,False,Food
9,2022-06-10,Panipuri,Fastfood,20,1,20,Cash,Mrs.,Morning,Friday,6,10,False,Food
10,2022-10-06,Panipuri,Fastfood,20,5,100,Online,Mr.,Afternoon,Thursday,10,6,False,Food
11,2022-12-01,Frankie,Fastfood,50,8,400,Online,Mrs.,Afternoon,Thursday,12,1,False,Food
12,2022-07-12,Vadapav,Fastfood,20,8,160,Online,Mrs.,Night,Tuesday,7,12,False,Food
13,2022-10-06,Panipuri,Fastfood,20,9,180,Online,Mrs.,Afternoon,Thursday,10,6,False,Food
14,2022-10-06,Frankie,Fastfood,50,4,200,Online,Mr.,Morning,Thursday,10,6,False,Food
15,2023-02-03,Aalopuri,Fastfood,20,3,60,Cash,Mrs.,Evening,Friday,2,3,False,Food
16,2022-10-06,Sandwich,Fastfood,60,11,660,Unknown,Mrs.,Midnight,Thursday,10,6,False,Food
17,2022-10-06,Panipuri,Fastfood,20,11,220,Cash,Mrs.,Morning,Thursday,10,6,False,Food
18,2022-11-05,Panipuri,Fastfood,20,10,200,Cash,Mrs.,Night,Saturday,11,5,True,Food
19,2022-10-06,Panipuri,Fastfood,20,11,220,Cash,Mrs.,Night,Thursday,10,6,False,Food
20,2022-10-06,Cold coffee,Beverages,40,10,400,Online,Mr.,Night,Thursday,10,6,False,Drink
21,2022-10-06,Cold coffee,Beverages,40,15,600,Cash,Mr.,Evening,Thursday,10,6,False,Drink
22,2022-10-04,Sugarcane juice,Beverages,25,12,300,Online,Mr.,Evening,Tuesday,10,4,False,Drink
23,2022-10-06,Sandwich,Fastfood,60,3,180,Online,Mr.,Midnight,Thursday,10,6,False,Food
24,2023-02-11,Sugarcane juice,Beverages,25,10,250,Online,Mr.,Afternoon,Saturday,2,11,True,Drink
25,2022-10-06,Sandwich,Fastfood,60,1,60,Online,Mrs.,Evening,Thursday,10,6,False,Food
26,2022-10-06,Sugarcane juice,Beverages,25,4,100,Cash,Mr.,Afternoon,Thursday,10,6,False,Drink
27,2022-10-12,Cold coffee,Beverages,40,11,440,Online,Mrs.,Afternoon,Wednesday,10,12,False,Drink
28,2023-01-06,Cold coffee,Beverages,40,10,400,Online,Mrs.,Afternoon,Friday,1,6,False,Drink
29,2023-02-10,Sugarcane juice,Beverages,25,9,225,Online,Mr.,Afternoon,Friday,2,10,False,Drink
30,2022-10-06,Frankie,Fastfood,50,2,100,Cash,Mrs.,Night,Thursday,10,6,False,Food
31,2022-10-06,Cold coffee,Beverages,40,13,520,Online,Mrs.,Evening,Thursday,10,6,False,Drink
32,2022-05-06,Aalopuri,Fastfood,20,4,80,Unknown,Mr.,Morning,Friday,5,6,False,Food
33,2023-02-05,Aalopuri,Fastfood,20,13,260,Online,Mr.,Night,Sunday,2,5,True,Food
34,2023-02-04,Frankie,Fastfood,50,12,600,Online,Mrs.,Evening,Saturday,2,4,True,Food
35,2022-10-06,Vadapav,Fastfood,20,8,160,Cash,Mr.,Morning,Thursday,10,6,False,Food
36,2022-07-02,Cold coffee,Beverages,40,10,400,Online,Mr.,Afternoon,Saturday,7,2,True,Drink
37,2023-01-05,Frankie,Fastfood,50,10,500,Cash,Mr.,Night,Thursday,1,5,False,Food
38,2023-03-08,Panipuri,Fastfood,20,12,240,Online,Mrs.,Night,Wednesday,3,8,False,Food
39,2022-10-06,Vadapav,Fastfood,20,2,40,Online,Mr.,Evening,Thursday,10,6,False,Food
40,2023-02-05,Sandwich,Fastfood,60,5,300,Online,Mrs.,Night,Sunday,2,5,True,Food
41,2022-10-06,Cold coffee,Beverages,40,11,440,Unknown,Mr.,Afternoon,Thursday,10,6,False,Drink
42,2022-05-09,Aalopuri,Fastfood,20,8,160,Online,Mrs.,Night,Monday,5,9,False,Food
43,2022-10-06,Vadapav,Fastfood,20,1,20,Cash,Mr.,Night,Thursday,10,6,False,Food
44,2022-10-06,Cold coffee,Beverages,40,12,480,Cash,Mr.,Evening,Thursday,10,6,False,Drink
45,2022-10-06,Sugarcane juice,Beverages,25,6,150,Cash,Mrs.,Afternoon,Thursday,10,6,False,Drink
46,2022-05-07,Vadapav,Fastfood,20,7,140,Cash,Mr.,Evening,Saturday,5,7,True,Food
47,2022-07-10,Sandwich,Fastfood,60,7,420,Unknown,Mr.,Morning,Sunday,7,10,True,Food
48,2022-10-06,Sandwich,Fastfood,60,14,840,Online,Mr.,Afternoon,Thursday,10,6,False,Food
49,2022-11-06,Frankie,Fastfood,50,4,200,Online,Mrs.,Morning,Sunday,11,6,True,Food
50,2022-11-02,Vadapav,Fastfood,20,8,160,Cash,Mrs.,Midnight,Wednesday,11,2,False,Food
51,2022-10-06,Frankie,Fastfood,50,15,750,Online,Mrs.,Morning,Thursday,10,6,False,Food
52,2022-10-06,Sugarcane juice,Beverages,25,12,300,Cash,Mrs.,Midnight,Thursday,10,6,False,Drink
53,2022-10-06,Aalopuri,Fastfood,20,13,260,Cash,Mr.,Afternoon,Thursday,10,6,False,Food
54,2022-10-06,Panipuri,Fastfood,20,14,280,Online,Mrs.,Morning,Thursday,10,6,False,Food
55,2022-05-07,Sandwich,Fastfood,60,10,600,Cash,Mr.,Night,Saturday,5,7,True,Food
56,2022-10-06,Panipuri,Fastfood,20,11,220,Cash,Mrs.,Midnight,Thursday,10,6,False,Food
57,2022-08-04,Panipuri,Fastfood,20,14,280,Online,Mrs.,Morning,Thursday,8,4,False,Food
58,2023-02-03,Vadapav,Fastfood,20,6,120,Online,Mrs.,Morning,Friday,2,3,False,Food
59,2022-07-01,Vadapav,Fastfood,20,5,100,Cash,Mr.,Morning,Friday,7,1,False,Food
60,2022-06-11,Cold coffee,Beverages,40,2,80,Online,Mr.,Night,Saturday,6,11,True,Drink
61,2022-10-06,Vadapav,Fastfood,20,14,280,Cash,Mrs.,Afternoon,Thursday,10,6,False,Food
62,2022-10-06,Sugarcane juice,Beverages,25,3,75,Cash,Mr.,Afternoon,Thursday,10,6,False,Drink
63,2022-12-01,Sandwich,Fastfood,60,7,420,Online,Mrs.,Morning,Thursday,12,1,False,Food
64,2022-12-09,Cold coffee,Beverages,40,1,40,Cash,Mr.,Morning,Friday,12,9,False,Drink
65,2022-10-06,Aalopuri,Fastfood,20,4,80,Cash,Mr.,Morning,Thursday,10,6,False,Food
66,2022-04-05,Frankie,Fastfood,50,2,100,Cash,Mrs.,Morning,Tuesday,4,5,False,Food
67,2022-10-06,Aalopuri,Fastfood,20,9,180,Cash,Mr.,Midnight,Thursday,10,6,False,Food
68,2022-10-06,Cold coffee,Beverages,40,2,80,Unknown,Mr.,Night,Thursday,10,6,False,Drink
69,2023-01-10,Vadapav,Fastfood,20,7,140,Cash,Mr.,Midnight,Tuesday,1,10,False,Food
70,2022-05-09,Cold coffee,Beverages,40,14,560,Unknown,Mrs.,Morning,Monday,5,9,False,Drink
71,2022-12-05,Cold coffee,Beverages,40,6,240,Online,Mr.,Night,Monday,12,5,False,Drink
72,2023-03-09,Frankie,Fastfood,50,13,650,Online,Mr.,Afternoon,Thursday,3,9,False,Food
73,2022-10-06,Panipuri,Fastfood,20,5,100,Cash,Mr.,Midnight,Thursday,10,6,False,Food
74,2022-10-06,Cold coffee,Beverages,40,10,400,Online,Mrs.,Evening,Thursday,10,6,False,Drink
75,2023-02-02,Cold coffee,Beverages,40,6,240,Online,Mrs.,Afternoon,Thursday,2,2,False,Drink
76,2022-10-06,Vadapav,Fastfood,20,9,180,Online,Mr.,Morning,Thursday,10,6,False,Food
77,2023-02-04,Sugarcane juice,Beverages,25,12,300,Cash,Mrs.,Midnight,Saturday,2,4,True,Drink
78,2022-10-01,Vadapav,Fastfood,20,4,80,Cash,Mrs.,Evening,Saturday,10,1,True,Food
79,2022-11-05,Panipuri,Fastfood,20,6,120,Online,Mr.,Night,Saturday,11,5,True,Food
80,2022-10-06,Frankie,Fastfood,50,13,650,Cash,Mr.,Evening,Thursday,10,6,False,Food
81,2022-10-06,Frankie,Fastfood,50,12,600,Online,Mrs.,Night,Thursday,10,6,False,Food
82,2022-10-06,Frankie,Fastfood,50,3,150,Online,Mrs.,Evening,Thursday,10,6,False,Food
83,2022-10-06,Frankie,Fastfood,50,11,550,Unknown,Mr.,Evening,Thursday,10,6,False,Food
84,2023-03-03,Panipuri,Fastfood,20,13,260,Cash,Mr.,Midnight,Friday,3,3,False,Food
85,2022-10-06,Aalopuri,Fastfood,20,3,60,Online,Mrs.,Night,Thursday,10,6,False,Food
86,2023-03-09,Aalopuri,Fastfood,20,15,300,Cash,Mr.,Morning,Thursday,3,9,False,Food
87,2022-10-06,Aalopuri,Fastfood,20,8,160,Cash,Mr.,Night,Thursday,10,6,False,Food
88,2022-07-07,Cold coffee,Beverages,40,10,400,Cash,Mr.,Evening,Thursday,7,7,False,Drink
89,2022-10-06,Aalopuri,Fastfood,20,14,280,Cash,Mr.,Evening,Thursday,10,6,False,Food
90,2022-10-06,Vadapav,Fastfood,20,15,300,Online,Mr.,Night,Thursday,10,6,False,Food
91,2022-10-06,Cold coffee,Beverages,40,6,240,Unknown,Mrs.,Evening,Thursday,10,6,False,Drink
92,2022-10-06,Aalopuri,Fastfood,20,15,300,Cash,Mr.,Afternoon,Thursday,10,6,False,Food
93,2022-07-03,Cold coffee,Beverages,40,2,80,Online,Mrs.,Midnight,Sunday,7,3,True,Drink
94,2022-10-06,Aalopuri,Fastfood,20,15,300,Unknown,Mrs.,Night,Thursday,10,6,False,Food
95,2022-05-12,Sugarcane juice,Beverages,25,8,200,Online,Mr.,Night,Thursday,5,12,False,Drink
96,2022-10-06,Sandwich,Fastfood,60,15,900,Unknown,Mr.,Morning,Thursday,10,6,False,Food
97,2022-10-06,Cold coffee,Beverages,40,13,520,Online,Mr.,Evening,Thursday,10,6,False,Drink
98,2022-10-06,Vadapav,Fastfood,20,1,20,Online,Mr.,Morning,Thursday,10,6,False,Food
99,2022-09-11,Sugarcane juice,Beverages,25,3,75,Cash,Mr.,Evening,Sunday,9,11,True,Drink
100,2022-05-08,Panipuri,Fastfood,20,11,220,Unknown,Mr.,Morning,Sunday,5,8,True,Food
101,2022-10-06,Vadapav,Fastfood,20,3,60,Online,Mrs.,Morning,Thursday,10,6,False,Food
102,2022-10-06,Cold coffee,Beverages,40,14,560,Cash,Mr.,Morning,Thursday,10,6,False,Drink
103,2022-10-06,Cold coffee,Beverages,40,8,320,Online,Mrs.,Midnight,Thursday,10,6,False,Drink
104,2022-10-06,Cold coffee,Beverages,40,13,520,Online,Mr.,Morning,Thursday,10,6,False,Drink
105,2022-10-06,Panipuri,Fastfood,20,8,160,Cash,Mrs.,Evening,Thursday,10,6,False,Food
106,2022-10-06,Frankie,Fastfood,50,9,450,Cash,Mrs.,Evening,Thursday,10,6,False,Food
107,2023-02-07,Sandwich,Fastfood,60,4,240,Online,Mr.,Afternoon,Tuesday,2,7,False,Food
108,2022-08-06,Panipuri,Fastfood,20,5,100,Online,Mr.,Afternoon,Saturday,8,6,True,Food
109,2022-08-08,Cold coffee,Beverages,40,12,480,Unknown,Mr.,Afternoon,Monday,8,8,False,Drink
110,2022-10-06,Panipuri,Fastfood,20,2,40,Online,Mrs.,Morning,Thursday,10,6,False,Food
111,2022-09-04,Sandwich,Fastfood,60,8,480,Cash,Mrs.,Midnight,Sunday,9,4,True,Food
112,2022-10-06,Sandwich,Fastfood,60,7,420,Cash,Mr.,Morning,Thursday,10,6,False,Food
113,2022-12-12,Aalopuri,Fastfood,20,8,160,Cash,Mr.,Afternoon,Monday,12,12,False,Food
114,2022-10-06,Aalopuri,Fastfood,20,10,200,Online,Mr.,Afternoon,Thursday,10,6,False,Food
115,2023-01-12,Aalopuri,Fastfood,20,13,260,Unknown,Mr.,Evening,Thursday,1,12,False,Food
116,2022-10-06,Sugarcane juice,Beverages,25,13,325,Cash,Mr.,Evening,Thursday,10,6,False,Drink
117,2023-03-09,Frankie,Fastfood,50,7,350,Online,Mrs.,Evening,Thursday,3,9,False,Food
118,2022-07-06,Sandwich,Fastfood,60,1,60,Online,Mr.,Midnight,Wednesday,7,6,False,Food
119,2022-05-12,Panipuri,Fastfood,20,10,200,Cash,Mr.,Evening,Thursday,5,12,False,Food
120,2022-07-10,Frankie,Fastfood,50,2,100,Cash,Mrs.,Evening,Sunday,7,10,True,Food
121,2022-10-06,Cold coffee,Beverages,40,8,320,Cash,Mr.,Afternoon,Thursday,10,6,False,Drink
122,2022-10-06,Panipuri,Fastfood,20,3,60,Unknown,Mrs.,Night,Thursday,10,6,False,Food
123,2022-06-09,Cold coffee,Beverages,40,6,240,Online,Mr.,Evening,Thursday,6,9,False,Drink
124,2022-10-06,Sugarcane juice,Beverages,25,13,325,Unknown,Mrs.,Evening,Thursday,10,6,False,Drink
125,2022-04-10,Vadapav,Fastfood,20,7,140,Cash,Mrs.,Midnight,Sunday,4,10,True,Food
126,2022-04-08,Panipuri,Fastfood,20,11,220,Online,Mrs.,Night,Friday,4,8,False,Food
127,2022-12-03,Aalopuri,Fastfood,20,1,20,Unknown,Mrs.,Morning,Saturday,12,3,True,Food
128,2022-08-07,Vadapav,Fastfood,20,11,220,Online,Mr.,Midnight,Sunday,8,7,True,Food
129,2022-10-06,Panipuri,Fastfood,20,13,260,Cash,Mrs.,Morning,Thursday,10,6,False,Food
130,2022-10-06,Sugarcane juice,Beverages,25,7,175,Cash,Mr.,Night,Thursday,10,6,False,Drink
131,2022-10-06,Sandwich,Fastfood,60,8,480,Cash,Mr.,Night,Thursday,10,6,False,Food
132,2022-12-05,Vadapav,Fastfood,20,4,80,Online,Mrs.,Night,Monday,12,5,False,Food
133,2022-10-06,Aalopuri,Fastfood,20,5,100,Online,Mr.,Midnight,Thursday,10,6,False,Food
134,2022-10-06,Aalopuri,Fastfood,20,12,240,Online,Mrs.,Night,Thursday,10,6,False,Food
135,2022-10-06,Aalopuri,Fastfood,20,8,160,Online,Mr.,Midnight,Thursday,10,6,False,Food
136,2022-10-06,Aalopuri,Fastfood,20,15,300,Online,Mr.,Morning,Thursday,10,6,False,Food
137,2022-10-06,Sugarcane juice,Beverages,25,6,150,Unknown,Mr.,Afternoon,Thursday,10,6,False,Drink
138,2022-09-01,Sandwich,Fastfood,60,15,900,Online,Mr.,Night,Thursday,9,1,False,Food
139,2022-10-06,Frankie,Fastfood,50,11,550,Online,Mrs.,Night,Thursday,10,6,False,Food
140,2022-06-12,Frankie,Fastfood,50,13,650,Cash,Mr.,Night,Sunday,6,12,True,Food
141,2022-10-06,Aalopuri,Fastfood,20,4,80,Unknown,Mr.,Evening,Thursday,10,6,False,Food
142,2022-10-06,Sugarcane juice,Beverages,25,12,300,Cash,Mrs.,Morning,Thursday,10,6,False,Drink
143,2022-10-06,Frankie,Fastfood,50,8,400,Unknown,Mrs.,Afternoon,Thursday,10,6,False,Food
144,2022-10-06,Panipuri,Fastfood,20,10,200,Cash,Mrs.,Evening,Thursday,10,6,False,Food
145,2022-10-09,Sandwich,Fastfood,60,14,840,Online,Mr.,Morning,Sunday,10,9,True,Food
146,2022-10-06,Frankie,Fastfood,50,4,200,Unknown,Mrs.,Afternoon,Thursday,10,6,False,Food
147,2022-10-06,Panipuri,Fastfood,20,7,140,Online,Mr.,Evening,Thursday,10,6,False,Food
148,2022-10-06,Sandwich,Fastfood,60,13,780,Online,Mr.,Evening,Thursday,10,6,False,Food
149,2022-08-09,Sandwich,Fastfood,60,7,420,Online,Mr.,Morning,Tuesday,8,9,False,Food
150,2022-10-06,Cold coffee,Beverages,40,14,560,Cash,Mr.,Afternoon,Thursday,10,6,False,Drink
151,2022-07-10,Frankie,Fastfood,50,13,650,Online,Mrs.,Morning,Sunday,7,10,True,Food
152,2022-10-06,Cold coffee,Beverages,40,9,360,Online,Mr.,Afternoon,Thursday,10,6,False,Drink
153,2022-10-06,Panipuri,Fastfood,20,1,20,Cash,Mrs.,Evening,Thursday,10,6,False,Food
154,2022-10-06,Vadapav,Fastfood,20,3,60,Cash,Mr.,Night,Thursday,10,6,False,Food
155,2023-02-07,Sugarcane juice,Beverages,25,10,250,Cash,Mrs.,Evening,Tuesday,2,7,False,Drink
156,2022-10-06,Panipuri,Fastfood,20,14,280,Cash,Mr.,Midnight,Thursday,10,6,False,Food
157,2022-10-06,Frankie,Fastfood,50,7,350,Online,Mrs.,Midnight,Thursday,10,6,False,Food
158,2022-10-06,Aalopuri,Fastfood,20,2,40,Unknown,Mr.,Midnight,Thursday,10,6,False,Food
159,2022-10-03,Sugarcane juice,Beverages,25,1,25,Online,Mrs.,Afternoon,Monday,10,3,False,Drink
160,2022-10-06,Vadapav,Fastfood,20,10,200,Online,Mr.,Night,Thursday,10,6,False,Food
161,2022-10-06,Sugarcane juice,Beverages,25,12,300,Cash,Mr.,Evening,Thursday,10,6,False,Drink
162,2022-05-07,Aalopuri,Fastfood,20,11,220,Cash,Mr.,Midnight,Saturday,5,7,True,Food
163,2023-01-06,Frankie,Fastfood,50,6,300,Online,Mrs.,Midnight,Friday,1,6,False,Food
164,2022-08-10,Sugarcane juice,Beverages,25,7,175,Online,Mr.,Afternoon,Wednesday,8,10,False,Drink
165,2023-01-05,Sandwich,Fastfood,60,11,660,Cash,Mr.,Midnight,Thursday,1,5,False,Food
166,2022-06-01,Panipuri,Fastfood,20,6,120,Cash,Mrs.,Evening,Wednesday,6,1,False,Food
167,2022-10-06,Cold coffee,Beverages,40,6,240,Cash,Mrs.,Morning,Thursday,10,6,False,Drink
168,2022-10-06,Sandwich,Fastfood,60,4,240,Cash,Mrs.,Midnight,Thursday,10,6,False,Food
169,2022-10-06,Vadapav,Fastfood,20,6,120,Cash,Mr.,Morning,Thursday,10,6,False,Food
170,2022-10-06,Aalopuri,Fastfood,20,6,120,Unknown,Mrs.,Afternoon,Thursday,10,6,False,Food
171,2023-03-02,Vadapav,Fastfood,20,11,220,Cash,Mrs.,Midnight,Thursday,3,2,False,Food
172,2022-10-06,Sugarcane juice,Beverages,25,6,150,Online,Mrs.,Night,Thursday,10,6,False,Drink
173,2022-10-06,Cold coffee,Beverages,40,2,80,Online,Mr.,Night,Thursday,10,6,False,Drink
174,2022-09-03,Aalopuri,Fastfood,20,2,40,Online,Mr.,Evening,Saturday,9,3,True,Food
175,2022-10-06,Frankie,Fastfood,50,12,600,Cash,Mrs.,Afternoon,Thursday,10,6,False,Food
176,2022-08-04,Panipuri,Fastfood,20,1,20,Cash,Mrs.,Midnight,Thursday,8,4,False,Food
177,2022-10-06,Panipuri,Fastfood,20,11,220,Online,Mrs.,Morning,Thursday,10,6,False,Food
178,2022-12-09,Aalopuri,Fastfood,20,2,40,Cash,Mrs.,Morning,Friday,12,9,False,Food
179,2023-03-03,Sugarcane juice,Beverages,25,5,125,Unknown,Mrs.,Midnight,Friday,3,3,False,Drink
180,2022-12-01,Vadapav,Fastfood,20,6,120,Online,Mrs.,Afternoon,Thursday,12,1,False,Food
181,2022-06-09,Cold coffee,Beverages,40,7,280,Cash,Mrs.,Night,Thursday,6,9,False,Drink
182,2022-07-02,Cold coffee,Beverages,40,1,40,Cash,Mr.,Midnight,Saturday,7,2,True,Drink
183,2022-07-10,Sugarcane juice,Beverages,25,5,125,Cash,Mrs.,Midnight,Sunday,7,10,True,Drink
184,2023-01-03,Cold coffee,Beverages,40,8,320,Cash,Mr.,Night,Tuesday,1,3,False,Drink
185,2022-10-06,Sugarcane juice,Beverages,25,15,375,Unknown,Mr.,Night,Thursday,10,6,False,Drink
186,2022-10-06,Frankie,Fastfood,50,2,100,Online,Mr.,Afternoon,Thursday,10,6,False,Food
187,2022-10-11,Aalopuri,Fastfood,20,15,300,Cash,Mrs.,Morning,Tuesday,10,11,False,Food
188,2022-10-06,Panipuri,Fastfood,20,14,280,Cash,Mrs.,Night,Thursday,10,6,False,Food
189,2023-02-08,Vadapav,Fastfood,20,12,240,Online,Mr.,Afternoon,Wednesday,2,8,False,Food
190,2022-10-06,Cold coffee,Beverages,40,1,40,Online,Mr.,Evening,Thursday,10,6,False,Drink
191,2022-10-06,Sugarcane juice,Beverages,25,14,350,Cash,Mrs.,Morning,Thursday,10,6,False,Drink
192,2022-10-06,Vadapav,Fastfood,20,2,40,Online,Mr.,Night,Thursday,10,6,False,Food
193,2023-02-05,Cold coffee,Beverages,40,15,600,Online,Mrs.,Midnight,Sunday,2,5,True,Drink
194,2022-10-06,Vadapav,Fastfood,20,4,80,Cash,Mrs.,Morning,Thursday,10,6,False,Food
195,2022-10-06,Sandwich,Fastfood,60,4,240,Cash,Mrs.,Night,Thursday,10,6,False,Food
196,2022-10-06,Sandwich,Fastfood,60,3,180,Cash,Mr.,Evening,Thursday,10,6,False,Food
197,2022-11-08,Panipuri,Fastfood,20,10,200,Cash,Mrs.,Midnight,Tuesday,11,8,False,Food
198,2023-01-05,Frankie,Fastfood,50,15,750,Cash,Mr.,Morning,Thursday,1,5,False,Food
199,2023-02-01,Frankie,Fastfood,50,6,300,Online,Mrs.,Morning,Wednesday,2,1,False,Food
200,2022-10-06,Cold coffee,Beverages,40,10,400,Cash,Mrs.,Morning,Thursday,10,6,False,Drink
201,2022-10-06,Panipuri,Fastfood,20,8,160,Cash,Mr.,Morning,Thursday,10,6,False,Food
202,2022-10-06,Aalopuri,Fastfood,20,9,180,Cash,Mr.,Afternoon,Thursday,10,6,False,Food
203,2022-04-11,Vadapav,Fastfood,20,6,120,Online,Mrs.,Midnight,Monday,4,11,False,Food
204,2022-10-06,Cold coffee,Beverages,40,7,280,Cash,Mrs.,Evening,Thursday,10,6,False,Drink
205,2022-10-06,Vadapav,Fastfood,20,4,80,Unknown,Mr.,Afternoon,Thursday,10,6,False,Food
206,2022-10-06,Aalopuri,Fastfood,20,4,80,Cash,Mr.,Night,Thursday,10,6,False,Food
207,2022-10-06,Cold coffee,Beverages,40,8,320,Online,Mrs.,Evening,Thursday,10,6,False,Drink
208,2022-10-06,Cold coffee,Beverages,40,13,520,Cash,Mrs.,Midnight,Thursday,10,6,False,Drink
209,2022-12-04,Aalopuri,Fastfood,20,2,40,Cash,Mr.,Night,Sunday,12,4,True,Food
210,2023-01-02,Sugarcane juice,Beverages,25,15,375,Unknown,Mr.,Night,Monday,1,2,False,Drink
211,2022-10-06,Aalopuri,Fastfood,20,12,240,Cash,Mr.,Morning,Thursday,10,6,False,Food
212,2022-05-05,Cold coffee,Beverages,40,12,480,Online,Mrs.,Morning,Thursday,5,5,False,Drink
213,2022-10-06,Vadapav,Fastfood,20,3,60,Unknown,Mrs.,Midnight,Thursday,10,6,False,Food
214,2022-12-03,Sugarcane juice,Beverages,25,14,350,Online,Mr.,Evening,Saturday,12,3,True,Drink
215,2022-12-10,Sugarcane juice,Beverages,25,7,175,Unknown,Mrs.,Morning,Saturday,12,10,True,Drink
216,2023-03-07,Panipuri,Fastfood,20,9,180,Cash,Mrs.,Afternoon,Tuesday,3,7,False,Food
217,2022-10-06,Cold coffee,Beverages,40,10,400,Cash,Mr.,Morning,Thursday,10,6,False,Drink
218,2022-10-06,Cold coffee,Beverages,40,13,520,Online,Mrs.,Midnight,Thursday,10,6,False,Drink
219,2022-10-01,Aalopuri,Fastfood,20,9,180,Cash,Mrs.,Evening,Saturday,10,1,True,Food
220,2022-10-06,Sugarcane juice,Beverages,25,1,25,Cash,Mr.,Afternoon,Thursday,10,6,False,Drink
221,2022-10-06,Sandwich,Fastfood,60,1,60,Online,Mr.,Evening,Thursday,10,6,False,Food
222,2022-09-11,Sandwich,Fastfood,60,6,360,Cash,Mrs.,Morning,Sunday,9,11,True,Food
223,2022-10-06,Panipuri,Fastfood,20,13,260,Online,Mr.,Night,Thursday,10,6,False,Food
224,2022-10-06,Sugarcane juice,Beverages,25,14,350,Cash,Mr.,Afternoon,Thursday,10,6,False,Drink
225,2022-10-06,Frankie,Fastfood,50,11,550,Cash,Mrs.,Evening,Thursday,10,6,False,Food
226,2022-12-12,Aalopuri,Fastfood,20,13,260,Online,Mrs.,Afternoon,Monday,12,12,False,Food
227,2022-10-06,Cold coffee,Beverages,40,5,200,Cash,Mrs.,Afternoon,Thursday,10,6,False,Drink
228,2022-11-05,Panipuri,Fastfood,20,8,160,Online,Mr.,Night,Saturday,11,5,True,Food
229,2022-10-06,Panipuri,Fastfood,20,7,140,Unknown,Mr.,Evening,Thursday,10,6,False,Food
230,2022-10-06,Frankie,Fastfood,50,6,300,Online,Mr.,Afternoon,Thursday,10,6,False,Food
231,2022-10-06,Sugarcane juice,Beverages,25,3,75,Unknown,Mr.,Night,Thursday,10,6,False,Drink
232,2022-10-06,Vadapav,Fastfood,20,13,260,Cash,Mrs.,Night,Thursday,10,6,False,Food
233,2022-10-06,Panipuri,Fastfood,20,5,100,Cash,Mr.,Morning,Thursday,10,6,False,Food
234,2022-10-06,Panipuri,Fastfood,20,10,200,Cash,Mr.,Midnight,Thursday,10,6,False,Food
235,2022-10-06,Sandwich,Fastfood,60,10,600,Cash,Mrs.,Afternoon,Thursday,10,6,False,Food
236,2022-10-06,Vadapav,Fastfood,20,12,240,Unknown,Mrs.,Evening,Thursday,10,6,False,Food
237,2022-11-08,Panipuri,Fastfood,20,13,260,Cash,Mrs.,Midnight,Tuesday,11,8,False,Food
238,2022-10-06,Vadapav,Fastfood,20,13,260,Cash,Mr.,Morning,Thursday,10,6,False,Food
239,2022-12-04,Frankie,Fastfood,50,4,200,Online,Mr.,Evening,Sunday,12,4,True,Food
240,2022-12-11,Sandwich,Fastfood,60,10,600,Cash,Mrs.,Morning,Sunday,12,11,True,Food
241,2022-06-06,Sugarcane juice,Beverages,25,2,50,Cash,Mr.,Afternoon,Monday,6,6,False,Drink
242,2022-10-06,Cold coffee,Beverages,40,4,160,Online,Mrs.,Midnight,Thursday,10,6,False,Drink
243,2022-11-12,Panipuri,Fastfood,20,5,100,Cash,Mrs.,Midnight,Saturday,11,12,True,Food
244,2022-10-06,Sandwich,Fastfood,60,10,600,Online,Mrs.,Midnight,Thursday,10,6,False,Food
245,2022-10-03,Vadapav,Fastfood,20,2,40,Cash,Mrs.,Morning,Monday,10,3,False,Food
246,2022-10-06,Vadapav,Fastfood,20,10,200,Cash,Mr.,Afternoon,Thursday,10,6,False,Food
247,2022-10-03,Sugarcane juice,Beverages,25,6,150,Unknown,Mr.,Midnight,Monday,10,3,False,Drink
248,2022-10-06,Frankie,Fastfood,50,5,250,Online,Mrs.,Midnight,Thursday,10,6,False,Food
249,2022-10-06,Sugarcane juice,Beverages,25,3,75,Online,Mrs.,Afternoon,Thursday,10,6,False,Drink
250,2022-10-06,Sugarcane juice,Beverages,25,6,150,Online,Mrs.,Midnight,Thursday,10,6,False,Drink
251,2022-10-06,Cold coffee,Beverages,40,13,520,Unknown,Mrs.,Afternoon,Thursday,10,6,False,Drink
252,2022-10-06,Vadapav,Fastfood,20,8,160,Online,Mr.,Midnight,Thursday,10,6,False,Food
253,2022-10-06,Sugarcane juice,Beverages,25,13,325,Online,Mr.,Afternoon,Thursday,10,6,False,Drink
254,2022-10-09,Cold coffee,Beverages,40,12,480,Unknown,Mrs.,Afternoon,Sunday,10,9,True,Drink
255,2022-10-06,Vadapav,Fastfood,20,7,140,Unknown,Mrs.,Afternoon,Thursday,10,6,False,Food
256,2022-10-06,Aalopuri,Fastfood,20,3,60,Online,Mrs.,Midnight,Thursday,10,6,False,Food
257,2023-01-03,Sandwich,Fastfood,60,10,600,Cash,Mrs.,Midnight,Tuesday,1,3,False,Food
258,2022-09-06,Vadapav,Fastfood,20,14,280,Cash,Mr.,Midnight,Tuesday,9,6,False,Food
259,2022-10-06,Sandwich,Fastfood,60,4,240,Online,Mr.,Morning,Thursday,10,6,False,Food
260,2022-09-10,Sugarcane juice,Beverages,25,2,50,Online,Mrs.,Night,Saturday,9,10,True,Drink
261,2023-01-11,Frankie,Fastfood,50,9,450,Cash,Mrs.,Midnight,Wednesday,1,11,False,Food
262,2023-03-05,Vadapav,Fastfood,20,5,100,Unknown,Mrs.,Evening,Sunday,3,5,True,Food
263,2022-10-06,Panipuri,Fastfood,20,2,40,Cash,Mr.,Evening,Thursday,10,6,False,Food
264,2022-10-06,Sugarcane juice,Beverages,25,12,300,Online,Mr.,Morning,Thursday,10,6,False,Drink
265,2022-10-06,Vadapav,Fastfood,20,6,120,Cash,Mr.,Midnight,Thursday,10,6,False,Food
266,2022-10-02,Frankie,Fastfood,50,10,500,Online,Mrs.,Night,Sunday,10,2,True,Food
267,2023-03-05,Vadapav,Fastfood,20,1,20,Cash,Mr.,Morning,Sunday,3,5,True,Food
268,2023-02-05,Cold coffee,Beverages,40,12,480,Cash,Mrs.,Midnight,Sunday,2,5,True,Drink
269,2022-10-06,Panipuri,Fastfood,20,2,40,Unknown,Mrs.,Midnight,Thursday,10,6,False,Food
270,2022-09-07,Sandwich,Fastfood,60,13,780,Cash,Mr.,Evening,Wednesday,9,7,False,Food
271,2022-05-03,Vadapav,Fastfood,20,13,260,Cash,Mr.,Evening,Tuesday,5,3,False,Food
272,2022-10-06,Frankie,Fastfood,50,5,250,Online,Mrs.,Night,Thursday,10,6,False,Food
273,2022-10-06,Panipuri,Fastfood,20,15,300,Cash,Mr.,Midnight,Thursday,10,6,False,Food
274,2023-01-04,Sugarcane juice,Beverages,25,10,250,Online,Mr.,Night,Wednesday,1,4,False,Drink
275,2023-02-04,Vadapav,Fastfood,20,15,300,Online,Mr.,Night,Saturday,2,4,True,Food
276,2022-10-06,Sugarcane juice,Beverages,25,6,150,Cash,Mr.,Midnight,Thursday,10,6,False,Drink
277,2022-12-08,Cold coffee,Beverages,40,13,520,Cash,Mrs.,Midnight,Thursday,12,8,False,Drink
278,2022-10-06,Frankie,Fastfood,50,6,300,Online,Mrs.,Night,Thursday,10,6,False,Food
279,2022-10-06,Vadapav,Fastfood,20,15,300,Cash,Mrs.,Afternoon,Thursday,10,6,False,Food
280,2022-10-09,Panipuri,Fastfood,20,14,280,Online,Mrs.,Evening,Sunday,10,9,True,Food
281,2022-08-09,Sandwich,Fastfood,60,3,180,Cash,Mrs.,Afternoon,Tuesday,8,9,False,Food
282,2022-10-06,Vadapav,Fastfood,20,13,260,Unknown,Mrs.,Morning,Thursday,10,6,False,Food
283,2022-07-02,Panipuri,Fastfood,20,2,40,Cash,Mrs.,Midnight,Saturday,7,2,True,Food
284,2022-10-06,Frankie,Fastfood,50,7,350,Unknown,Mr.,Afternoon,Thursday,10,6,False,Food
285,2022-10-06,Aalopuri,Fastfood,20,3,60,Unknown,Mr.,Night,Thursday,10,6,False,Food
286,2022-10-06,Vadapav,Fastfood,20,6,120,Unknown,Mr.,Night,Thursday,10,6,False,Food
287,2022-08-06,Aalopuri,Fastfood,20,3,60,Cash,Mr.,Morning,Saturday,8,6,True,Food
288,2022-10-06,Sandwich,Fastfood,60,7,420,Cash,Mr.,Night,Thursday,10,6,False,Food
289,2022-10-06,Aalopuri,Fastfood,20,7,140,Online,Mrs.,Midnight,Thursday,10,6,False,Food
290,2022-05-03,Panipuri,Fastfood,20,7,140,Cash,Mrs.,Morning,Tuesday,5,3,False,Food
291,2022-10-06,Frankie,Fastfood,50,8,400,Online,Mrs.,Night,Thursday,10,6,False,Food
292,2022-10-06,Frankie,Fastfood,50,2,100,Cash,Mrs.,Midnight,Thursday,10,6,False,Food
293,2022-10-06,Panipuri,Fastfood,20,8,160,Online,Mrs.,Morning,Thursday,10,6,False,Food
294,2022-10-06,Aalopuri,Fastfood,20,1,20,Cash,Mrs.,Evening,Thursday,10,6,False,Food
295,2022-10-06,Sandwich,Fastfood,60,7,420,Cash,Mr.,Midnight,Thursday,10,6,False,Food
296,2023-02-06,Panipuri,Fastfood,20,7,140,Cash,Mrs.,Afternoon,Monday,2,6,False,Food
297,2022-10-06,Sandwich,Fastfood,60,10,600,Online,Mr.,Evening,Thursday,10,6,False,Food
298,2022-10-06,Sugarcane juice,Beverages,25,9,225,Cash,Mrs.,Afternoon,Thursday,10,6,False,Drink
299,2022-10-06,Aalopuri,Fastfood,20,1,20,Online,Mrs.,Evening,Thursday,10,6,False,Food
300,2022-10-06,Aalopuri,Fastfood,20,8,160,Cash,Mr.,Afternoon,Thursday,10,6,False,Food
301,2022-10-06,Panipuri,Fastfood,20,7,140,Cash,Mr.,Night,Thursday,10,6,False,Food
302,2022-10-06,Aalopuri,Fastfood,20,14,280,Cash,Mr.,Night,Thursday,10,6,False,Food
303,2022-07-02,Sugarcane juice,Beverages,25,1,25,Cash,Mrs.,Midnight,Saturday,7,2,True,Drink
304,2022-10-06,Vadapav,Fastfood,20,15,300,Online,Mr.,Morning,Thursday,10,6,False,Food
305,2023-03-05,Panipuri,Fastfood,20,4,80,Unknown,Mrs.,Morning,Sunday,3,5,True,Food
306,2023-03-03,Cold coffee,Beverages,40,8,320,Online,Mrs.,Morning,Friday,3,3,False,Drink
307,2022-10-06,Vadapav,Fastfood,20,8,160,Cash,Mr.,Evening,Thursday,10,6,False,Food
308,2022-10-06,Sandwich,Fastfood,60,13,780,Online,Mr.,Evening,Thursday,10,6,False,Food
309,2022-10-06,Sandwich,Fastfood,60,8,480,Online,Mr.,Evening,Thursday,10,6,False,Food
310,2022-10-06,Vadapav,Fastfood,20,4,80,Cash,Mr.,Afternoon,Thursday,10,6,False,Food
311,2022-10-06,Frankie,Fastfood,50,7,350,Unknown,Mrs.,Morning,Thursday,10,6,False,Food
312,2022-10-06,Cold coffee,Beverages,40,1,40,Cash,Mrs.,Night,Thursday,10,6,False,Drink
313,2022-10-06,Cold coffee,Beverages,40,1,40,Cash,Mr.,Midnight,Thursday,10,6,False,Drink
314,2022-10-06,Frankie,Fastfood,50,8,400,Online,Mrs.,Morning,Thursday,10,6,False,Food
315,2022-10-06,Cold coffee,Beverages,40,13,520,Online,Mrs.,Afternoon,Thursday,10,6,False,Drink
316,2022-11-02,Frankie,Fastfood,50,4,200,Online,Mr.,Morning,Wednesday,11,2,False,Food
317,2023-03-10,Aalopuri,Fastfood,20,12,240,Online,Mrs.,Afternoon,Friday,3,10,False,Food
318,2022-10-06,Aalopuri,Fastfood,20,10,200,Online,Mrs.,Midnight,Thursday,10,6,False,Food
319,2022-10-06,Frankie,Fastfood,50,15,750,Cash,Mr.,Afternoon,Thursday,10,6,False,Food
320,2022-10-06,Sugarcane juice,Beverages,25,7,175,Cash,Mrs.,Afternoon,Thursday,10,6,False,Drink
321,2023-02-08,Frankie,Fastfood,50,12,600,Cash,Mrs.,Evening,Wednesday,2,8,False,Food
322,2022-05-05,Cold coffee,Beverages,40,11,440,Cash,Mr.,Morning,Thursday,5,5,False,Drink
323,2022-10-06,Aalopuri,Fastfood,20,4,80,Cash,Mr.,Morning,Thursday,10,6,False,Food
324,2022-10-06,Sugarcane juice,Beverages,25,15,375,Online,Mrs.,Night,Thursday,10,6,False,Drink
325,2023-03-02,Aalopuri,Fastfood,20,12,240,Unknown,Mrs.,Afternoon,Thursday,3,2,False,Food
326,2022-05-03,Sandwich,Fastfood,60,8,480,Cash,Mr.,Evening,Tuesday,5,3,False,Food
327,2022-10-06,Frankie,Fastfood,50,15,750,Cash,Mrs.,Midnight,Thursday,10,6,False,Food
328,2022-10-06,Vadapav,Fastfood,20,3,60,Online,Mr.,Evening,Thursday,10,6,False,Food
329,2023-01-10,Panipuri,Fastfood,20,7,140,Online,Mrs.,Afternoon,Tuesday,1,10,False,Food
330,2022-10-06,Panipuri,Fastfood,20,8,160,Unknown,Mr.,Morning,Thursday,10,6,False,Food
331,2022-10-06,Panipuri,Fastfood,20,4,80,Online,Mrs.,Evening,Thursday,10,6,False,Food
332,2022-10-06,Aalopuri,Fastfood,20,2,40,Unknown,Mrs.,Afternoon,Thursday,10,6,False,Food
333,2022-10-06,Sugarcane juice,Beverages,25,11,275,Cash,Mrs.,Afternoon,Thursday,10,6,False,Drink
334,2022-04-04,Cold coffee,Beverages,40,4,160,Cash,Mrs.,Evening,Monday,4,4,False,Drink
335,2022-10-06,Cold coffee,Beverages,40,11,440,Cash,Mr.,Night,Thursday,10,6,False,Drink
336,2022-09-03,Sugarcane juice,Beverages,25,13,325,Unknown,Mrs.,Midnight,Saturday,9,3,True,Drink
337,2022-10-06,Aalopuri,Fastfood,20,14,280,Online,Mrs.,Midnight,Thursday,10,6,False,Food
338,2022-05-06,Sugarcane juice,Beverages,25,12,300,Cash,Mr.,Morning,Friday,5,6,False,Drink
339,2022-10-06,Sugarcane juice,Beverages,25,1,25,Unknown,Mrs.,Midnight,Thursday,10,6,False,Drink
340,2022-06-02,Cold coffee,Beverages,40,4,160,Cash,Mrs.,Evening,Thursday,6,2,False,Drink
341,2022-10-06,Frankie,Fastfood,50,9,450,Cash,Mrs.,Evening,Thursday,10,6,False,Food
342,2023-03-11,Vadapav,Fastfood,20,7,140,Online,Mr.,Afternoon,Saturday,3,11,True,Food
343,2022-10-06,Sugarcane juice,Beverages,25,5,125,Cash,Mr.,Afternoon,Thursday,10,6,False,Drink
344,2022-10-06,Cold coffee,Beverages,40,14,560,Cash,Mr.,Night,Thursday,10,6,False,Drink
345,2022-05-09,Panipuri,Fastfood,20,14,280,Online,Mrs.,Night,Monday,5,9,False,Food
346,2022-10-06,Cold coffee,Beverages,40,12,480,Cash,Mr.,Morning,Thursday,10,6,False,Drink
347,2022-10-06,Frankie,Fastfood,50,7,350,Cash,Mrs.,Afternoon,Thursday,10,6,False,Food
348,2022-10-06,Vadapav,Fastfood,20,1,20,Online,Mrs.,Midnight,Thursday,10,6,False,Food
349,2022-10-06,Panipuri,Fastfood,20,5,100,Cash,Mrs.,Evening,Thursday,10,6,False,Food
350,2022-10-06,Cold coffee,Beverages,40,8,320,Online,Mrs.,Morning,Thursday,10,6,False,Drink
351,2022-07-08,Frankie,Fastfood,50,5,250,Online,Mrs.,Night,Friday,7,8,False,Food
352,2022-10-06,Frankie,Fastfood,50,11,550,Cash,Mrs.,Night,Thursday,10,6,False,Food
353,2022-10-06,Vadapav,Fastfood,20,4,80,Online,Mrs.,Midnight,Thursday,10,6,False,Food
354,2022-10-06,Panipuri,Fastfood,20,14,280,Online,Mr.,Midnight,Thursday,10,6,False,Food
355,2022-10-06,Cold coffee,Beverages,40,4,160,Online,Mr.,Midnight,Thursday,10,6,False,Drink
356,2022-10-06,Sugarcane juice,Beverages,25,14,350,Cash,Mrs.,Night,Thursday,10,6,False,Drink
357,2022-10-06,Sandwich,Fastfood,60,9,540,Online,Mrs.,Afternoon,Thursday,10,6,False,Food
358,2022-10-06,Aalopuri,Fastfood,20,6,120,Cash,Mr.,Night,Thursday,10,6,False,Food
359,2022-10-06,Aalopuri,Fastfood,20,13,260,Online,Mrs.,Night,Thursday,10,6,False,Food
360,2022-10-06,Cold coffee,Beverages,40,2,80,Online,Mrs.,Midnight,Thursday,10,6,False,Drink
361,2022-10-06,Sandwich,Fastfood,60,15,900,Unknown,Mrs.,Night,Thursday,10,6,False,Food
362,2022-10-06,Sugarcane juice,Beverages,25,2,50,Cash,Mr.,Morning,Thursday,10,6,False,Drink
363,2022-05-09,Frankie,Fastfood,50,9,450,Online,Mr.,Afternoon,Monday,5,9,False,Food
364,2022-10-11,Cold coffee,Beverages,40,2,80,Online,Mr.,Night,Tuesday,10,11,False,Drink
365,2022-07-08,Panipuri,Fastfood,20,10,200,Online,Mr.,Night,Friday,7,8,False,Food
366,2022-10-06,Sugarcane juice,Beverages,25,10,250,Online,Mrs.,Afternoon,Thursday,10,6,False,Drink
367,2022-08-10,Panipuri,Fastfood,20,6,120,Unknown,Mr.,Afternoon,Wednesday,8,10,False,Food
368,2022-10-06,Cold coffee,Beverages,40,2,80,Cash,Mr.,Night,Thursday,10,6,False,Drink
369,2022-07-03,Sandwich,Fastfood,60,2,120,Online,Mrs.,Evening,Sunday,7,3,True,Food
370,2022-10-06,Panipuri,Fastfood,20,5,100,Unknown,Mrs.,Midnight,Thursday,10,6,False,Food
371,2022-10-06,Vadapav,Fastfood,20,5,100,Online,Mrs.,Night,Thursday,10,6,False,Food
372,2022-10-06,Frankie,Fastfood,50,12,600,Unknown,Mr.,Morning,Thursday,10,6,False,Food
373,2022-05-08,Sugarcane juice,Beverages,25,12,300,Cash,Mrs.,Midnight,Sunday,5,8,True,Drink
374,2022-10-06,Frankie,Fastfood,50,10,500,Online,Mr.,Midnight,Thursday,10,6,False,Food
375,2022-10-06,Panipuri,Fastfood,20,13,260,Cash,Mr.,Evening,Thursday,10,6,False,Food
376,2022-12-04,Frankie,Fastfood,50,15,750,Cash,Mr.,Midnight,Sunday,12,4,True,Food
377,2022-10-06,Sugarcane juice,Beverages,25,3,75,Online,Mrs.,Evening,Thursday,10,6,False,Drink
378,2022-10-06,Vadapav,Fastfood,20,2,40,Cash,Mrs.,Midnight,Thursday,10,6,False,Food
379,2022-10-06,Cold coffee,Beverages,40,14,560,Unknown,Mr.,Afternoon,Thursday,10,6,False,Drink
380,2022-10-06,Sandwich,Fastfood,60,5,300,Online,Mrs.,Afternoon,Thursday,10,6,False,Food
381,2022-10-06,Vadapav,Fastfood,20,1,20,Online,Mr.,Morning,Thursday,10,6,False,Food
382,2022-10-06,Cold coffee,Beverages,40,9,360,Cash,Mrs.,Night,Thursday,10,6,False,Drink
383,2022-05-06,Aalopuri,Fastfood,20,7,140,Online,Mrs.,Morning,Friday,5,6,False,Food
384,2022-10-06,Sugarcane juice,Beverages,25,1,25,Online,Mr.,Afternoon,Thursday,10,6,False,Drink
385,2022-10-06,Vadapav,Fastfood,20,5,100,Cash,Mr.,Morning,Thursday,10,6,False,Food
386,2022-10-06,Frankie,Fastfood,50,5,250,Online,Mr.,Midnight,Thursday,10,6,False,Food
387,2022-10-06,Sugarcane juice,Beverages,25,14,350,Cash,Mrs.,Midnight,Thursday,10,6,False,Drink
388,2022-10-09,Sandwich,Fastfood,60,14,840,Cash,Mr.,Evening,Sunday,10,9,True,Food
389,2022-10-06,Sandwich,Fastfood,60,12,720,Cash,Mrs.,Evening,Thursday,10,6,False,Food
390,2022-10-06,Sugarcane juice,Beverages,25,5,125,Unknown,Mr.,Midnight,Thursday,10,6,False,Drink
391,2022-10-06,Aalopuri,Fastfood,20,1,20,Online,Mrs.,Night,Thursday,10,6,False,Food
392,2022-10-06,Aalopuri,Fastfood,20,15,300,Online,Mr.,Night,Thursday,10,6,False,Food
393,2022-07-02,Sugarcane juice,Beverages,25,10,250,Online,Mrs.,Evening,Saturday,7,2,True,Drink
394,2022-04-03,Sandwich,Fastfood,60,1,60,Cash,Mrs.,Morning,Sunday,4,3,True,Food
395,2022-10-06,Sandwich,Fastfood,60,3,180,Cash,Mrs.,Evening,Thursday,10,6,False,Food
396,2022-10-06,Frankie,Fastfood,50,15,750,Online,Mr.,Morning,Thursday,10,6,False,Food
397,2022-07-06,Aalopuri,Fastfood,20,2,40,Online,Mrs.,Afternoon,Wednesday,7,6,False,Food
398,2022-10-06,Panipuri,Fastfood,20,6,120,Online,Mr.,Evening,Thursday,10,6,False,Food
399,2022-10-06,Panipuri,Fastfood,20,9,180,Cash,Mrs.,Evening,Thursday,10,6,False,Food
400,2023-03-04,Cold coffee,Beverages,40,15,600,Cash,Mrs.,Morning,Saturday,3,4,True,Drink
401,2022-10-11,Sugarcane juice,Beverages,25,8,200,Online,Mrs.,Midnight,Tuesday,10,11,False,Drink
402,2022-10-06,Frankie,Fastfood,50,7,350,Cash,Mr.,Night,Thursday,10,6,False,Food
403,2022-10-06,Cold coffee,Beverages,40,3,120,Online,Mrs.,Midnight,Thursday,10,6,False,Drink
404,2022-10-06,Frankie,Fastfood,50,7,350,Cash,Mrs.,Midnight,Thursday,10,6,False,Food
405,2022-10-06,Sugarcane juice,Beverages,25,10,250,Cash,Mr.,Night,Thursday,10,6,False,Drink
406,2022-10-06,Cold coffee,Beverages,40,4,160,Online,Mrs.,Afternoon,Thursday,10,6,False,Drink
407,2023-01-02,Sugarcane juice,Beverages,25,2,50,Cash,Mr.,Evening,Monday,1,2,False,Drink
408,2022-10-05,Vadapav,Fastfood,20,4,80,Online,Mr.,Midnight,Wednesday,10,5,False,Food
409,2022-10-06,Aalopuri,Fastfood,20,9,180,Cash,Mrs.,Morning,Thursday,10,6,False,Food
410,2022-10-06,Aalopuri,Fastfood,20,15,300,Online,Mr.,Afternoon,Thursday,10,6,False,Food
411,2022-10-06,Panipuri,Fastfood,20,12,240,Cash,Mr.,Afternoon,Thursday,10,6,False,Food
412,2023-03-09,Sugarcane juice,Beverages,25,14,350,Unknown,Mr.,Afternoon,Thursday,3,9,False,Drink
413,2022-04-03,Aalopuri,Fastfood,20,10,200,Online,Mrs.,Midnight,Sunday,4,3,True,Food
414,2022-10-06,Cold coffee,Beverages,40,13,520,Unknown,Mr.,Night,Thursday,10,6,False,Drink
415,2022-12-05,Vadapav,Fastfood,20,8,160,Online,Mr.,Evening,Monday,12,5,False,Food
416,2022-08-05,Sandwich,Fastfood,60,9,540,Unknown,Mr.,Morning,Friday,8,5,False,Food
417,2022-10-06,Panipuri,Fastfood,20,3,60,Cash,Mr.,Evening,Thursday,10,6,False,Food
418,2022-11-12,Cold coffee,Beverages,40,7,280,Online,Mr.,Night,Saturday,11,12,True,Drink
419,2022-10-08,Sugarcane juice,Beverages,25,14,350,Unknown,Mrs.,Midnight,Saturday,10,8,True,Drink
420,2022-10-06,Frankie,Fastfood,50,13,650,Online,Mrs.,Evening,Thursday,10,6,False,Food
421,2022-10-06,Cold coffee,Beverages,40,2,80,Online,Mr.,Midnight,Thursday,10,6,False,Drink
422,2022-08-02,Cold coffee,Beverages,40,7,280,Online,Mr.,Evening,Tuesday,8,2,False,Drink
423,2022-10-06,Frankie,Fastfood,50,7,350,Cash,Mrs.,Night,Thursday,10,6,False,Food
424,2022-10-06,Sugarcane juice,Beverages,25,9,225,Online,Mrs.,Midnight,Thursday,10,6,False,Drink
425,2022-10-06,Panipuri,Fastfood,20,14,280,Online,Mr.,Afternoon,Thursday,10,6,False,Food
426,2022-10-06,Frankie,Fastfood,50,14,700,Cash,Mr.,Midnight,Thursday,10,6,False,Food
427,2022-10-06,Sandwich,Fastfood,60,2,120,Online,Mr.,Afternoon,Thursday,10,6,False,Food
428,2022-10-06,Sugarcane juice,Beverages,25,8,200,Online,Mr.,Afternoon,Thursday,10,6,False,Drink
429,2022-10-06,Cold coffee,Beverages,40,3,120,Online,Mr.,Night,Thursday,10,6,False,Drink
430,2022-11-05,Sandwich,Fastfood,60,4,240,Online,Mr.,Night,Saturday,11,5,True,Food
431,2022-10-06,Panipuri,Fastfood,20,6,120,Online,Mr.,Evening,Thursday,10,6,False,Food
432,2022-10-06,Panipuri,Fastfood,20,6,120,Online,Mr.,Afternoon,Thursday,10,6,False,Food
433,2022-10-06,Panipuri,Fastfood,20,14,280,Online,Mrs.,Evening,Thursday,10,6,False,Food
434,2022-10-06,Aalopuri,Fastfood,20,12,240,Cash,Mr.,Morning,Thursday,10,6,False,Food
435,2022-05-08,Sandwich,Fastfood,60,1,60,Cash,Mrs.,Afternoon,Sunday,5,8,True,Food
436,2023-01-05,Frankie,Fastfood,50,10,500,Cash,Mr.,Midnight,Thursday,1,5,False,Food
437,2022-10-06,Cold coffee,Beverages,40,1,40,Unknown,Mr.,Morning,Thursday,10,6,False,Drink
438,2022-10-06,Cold coffee,Beverages,40,5,200,Online,Mr.,Morning,Thursday,10,6,False,Drink
439,2022-10-06,Frankie,Fastfood,50,13,650,Online,Mr.,Afternoon,Thursday,10,6,False,Food
440,2022-10-06,Aalopuri,Fastfood,20,7,140,Cash,Mr.,Afternoon,Thursday,10,6,False,Food
441,2022-11-02,Aalopuri,Fastfood,20,1,20,Online,Mrs.,Midnight,Wednesday,11,2,False,Food
442,2022-10-06,Sugarcane juice,Beverages,25,7,175,Online,Mrs.,Night,Thursday,10,6,False,Drink
443,2022-09-05,Sugarcane juice,Beverages,25,12,300,Cash,Mrs.,Night,Monday,9,5,False,Drink
444,2022-10-06,Frankie,Fastfood,50,4,200,Unknown,Mr.,Evening,Thursday,10,6,False,Food
445,2022-10-06,Sandwich,Fastfood,60,14,840,Online,Mrs.,Morning,Thursday,10,6,False,Food
446,2022-10-06,Cold coffee,Beverages,40,9,360,Cash,Mr.,Night,Thursday,10,6,False,Drink
447,2022-10-06,Frankie,Fastfood,50,6,300,Online,Mrs.,Afternoon,Thursday,10,6,False,Food
448,2022-10-06,Vadapav,Fastfood,20,6,120,Cash,Mrs.,Evening,Thursday,10,6,False,Food
449,2022-09-09,Frankie,Fastfood,50,4,200,Cash,Mr.,Afternoon,Friday,9,9,False,Food
450,2022-10-06,Sugarcane juice,Beverages,25,1,25,Online,Mr.,Morning,Thursday,10,6,False,Drink
451,2022-10-06,Sugarcane juice,Beverages,25,10,250,Cash,Mrs.,Midnight,Thursday,10,6,False,Drink
452,2022-10-06,Frankie,Fastfood,50,5,250,Online,Mr.,Afternoon,Thursday,10,6,False,Food
453,2022-10-06,Sandwich,Fastfood,60,1,60,Online,Mrs.,Midnight,Thursday,10,6,False,Food
454,2023-03-07,Sandwich,Fastfood,60,1,60,Online,Mrs.,Evening,Tuesday,3,7,False,Food
455,2023-03-01,Cold coffee,Beverages,40,11,440,Cash,Mr.,Midnight,Wednesday,3,1,False,Drink
456,2022-10-06,Cold coffee,Beverages,40,13,520,Unknown,Mrs.,Night,Thursday,10,6,False,Drink
457,2022-10-06,Cold coffee,Beverages,40,11,440,Cash,Mr.,Evening,Thursday,10,6,False,Drink
458,2022-09-12,Sugarcane juice,Beverages,25,8,200,Cash,Mrs.,Midnight,Monday,9,12,False,Drink
459,2022-06-08,Vadapav,Fastfood,20,14,280,Cash,Mr.,Night,Wednesday,6,8,False,Food
460,2022-10-06,Aalopuri,Fastfood,20,2,40,Cash,Mr.,Morning,Thursday,10,6,False,Food
461,2022-10-06,Sugarcane juice,Beverages,25,5,125,Cash,Mr.,Midnight,Thursday,10,6,False,Drink
462,2022-10-06,Vadapav,Fastfood,20,3,60,Cash,Mr.,Morning,Thursday,10,6,False,Food
463,2022-06-11,Sandwich,Fastfood,60,6,360,Online,Mr.,Midnight,Saturday,6,11,True,Food
464,2022-10-06,Sugarcane juice,Beverages,25,13,325,Cash,Mr.,Morning,Thursday,10,6,False,Drink
465,2022-10-06,Sugarcane juice,Beverages,25,12,300,Online,Mr.,Evening,Thursday,10,6,False,Drink
466,2023-01-11,Panipuri,Fastfood,20,6,120,Cash,Mr.,Evening,Wednesday,1,11,False,Food
467,2022-10-06,Aalopuri,Fastfood,20,11,220,Online,Mr.,Morning,Thursday,10,6,False,Food
468,2022-09-08,Panipuri,Fastfood,20,2,40,Cash,Mr.,Evening,Thursday,9,8,False,Food
469,2022-10-06,Sandwich,Fastfood,60,7,420,Online,Mrs.,Morning,Thursday,10,6,False,Food
470,2022-10-06,Vadapav,Fastfood,20,8,160,Cash,Mrs.,Morning,Thursday,10,6,False,Food
471,2022-10-06,Panipuri,Fastfood,20,7,140,Cash,Mrs.,Afternoon,Thursday,10,6,False,Food
472,2023-01-11,Panipuri,Fastfood,20,10,200,Unknown,Mr.,Midnight,Wednesday,1,11,False,Food
473,2022-09-04,Sandwich,Fastfood,60,5,300,Cash,Mrs.,Evening,Sunday,9,4,True,Food
474,2022-10-06,Sugarcane juice,Beverages,25,15,375,Cash,Mrs.,Night,Thursday,10,6,False,Drink
475,2022-10-06,Cold coffee,Beverages,40,6,240,Cash,Mrs.,Night,Thursday,10,6,False,Drink
476,2023-02-02,Aalopuri,Fastfood,20,10,200,Cash,Mr.,Morning,Thursday,2,2,False,Food
477,2022-10-06,Sandwich,Fastfood,60,15,900,Cash,Mrs.,Midnight,Thursday,10,6,False,Food
478,2022-10-06,Sugarcane juice,Beverages,25,9,225,Cash,Mrs.,Afternoon,Thursday,10,6,False,Drink
479,2022-10-06,Sandwich,Fastfood,60,11,660,Cash,Mrs.,Afternoon,Thursday,10,6,False,Food
480,2022-10-02,Vadapav,Fastfood,20,12,240,Cash,Mr.,Evening,Sunday,10,2,True,Food
481,2022-10-06,Sugarcane juice,Beverages,25,4,100,Cash,Mr.,Evening,Thursday,10,6,False,Drink
482,2022-10-06,Aalopuri,Fastfood,20,1,20,Online,Mr.,Afternoon,Thursday,10,6,False,Food
483,2022-10-06,Panipuri,Fastfood,20,9,180,Cash,Mrs.,Morning,Thursday,10,6,False,Food
484,2022-10-06,Cold coffee,Beverages,40,5,200,Cash,Mrs.,Afternoon,Thursday,10,6,False,Drink
485,2022-10-06,Aalopuri,Fastfood,20,6,120,Cash,Mrs.,Midnight,Thursday,10,6,False,Food
486,2022-10-06,Vadapav,Fastfood,20,6,120,Cash,Mrs.,Midnight,Thursday,10,6,False,Food
487,2022-10-06,Sandwich,Fastfood,60,9,540,Cash,Mrs.,Midnight,Thursday,10,6,False,Food
488,2022-10-06,Cold coffee,Beverages,40,10,400,Cash,Mr.,Midnight,Thursday,10,6,False,Drink
489,2023-02-03,Frankie,Fastfood,50,13,650,Online,Mrs.,Evening,Friday,2,3,False,Food
490,2022-10-06,Cold coffee,Beverages,40,8,320,Cash,Mr.,Morning,Thursday,10,6,False,Drink
491,2022-10-06,Vadapav,Fastfood,20,2,40,Online,Mrs.,Midnight,Thursday,10,6,False,Food
492,2022-07-11,Sandwich,Fastfood,60,15,900,Cash,Mr.,Afternoon,Monday,7,11,False,Food
493,2022-10-02,Cold coffee,Beverages,40,2,80,Online,Mr.,Morning,Sunday,10,2,True,Drink
494,2022-10-06,Cold coffee,Beverages,40,10,400,Cash,Mrs.,Night,Thursday,10,6,False,Drink
495,2022-10-06,Aalopuri,Fastfood,20,13,260,Online,Mrs.,Midnight,Thursday,10,6,False,Food
496,2022-11-07,Cold coffee,Beverages,40,10,400,Online,Mrs.,Night,Monday,11,7,False,Drink
497,2022-10-06,Sandwich,Fastfood,60,7,420,Cash,Mr.,Midnight,Thursday,10,6,False,Food
498,2022-10-06,Frankie,Fastfood,50,1,50,Cash,Mr.,Midnight,Thursday,10,6,False,Food
499,2022-10-06,Sandwich,Fastfood,60,8,480,Online,Mrs.,Evening,Thursday,10,6,False,Food
500,2022-04-08,Vadapav,Fastfood,20,4,80,Online,Mrs.,Midnight,Friday,4,8,False,Food
501,2022-08-09,Sugarcane juice,Beverages,25,14,350,Online,Mrs.,Afternoon,Tuesday,8,9,False,Drink
502,2023-01-04,Panipuri,Fastfood,20,13,260,Online,Mr.,Night,Wednesday,1,4,False,Food
503,2022-11-04,Aalopuri,Fastfood,20,13,260,Cash,Mrs.,Morning,Friday,11,4,False,Food
504,2022-12-09,Cold coffee,Beverages,40,8,320,Cash,Mr.,Evening,Friday,12,9,False,Drink
505,2023-02-12,Frankie,Fastfood,50,4,200,Cash,Mr.,Night,Sunday,2,12,True,Food
506,2022-10-06,Cold coffee,Beverages,40,12,480,Cash,Mrs.,Midnight,Thursday,10,6,False,Drink
507,2022-10-06,Aalopuri,Fastfood,20,14,280,Online,Mrs.,Morning,Thursday,10,6,False,Food
508,2022-12-10,Sandwich,Fastfood,60,1,60,Cash,Mr.,Night,Saturday,12,10,True,Food
509,2022-10-06,Vadapav,Fastfood,20,11,220,Online,Mr.,Evening,Thursday,10,6,False,Food
510,2022-04-04,Sandwich,Fastfood,60,14,840,Online,Mr.,Afternoon,Monday,4,4,False,Food
511,2022-08-02,Panipuri,Fastfood,20,4,80,Cash,Mrs.,Night,Tuesday,8,2,False,Food
512,2023-01-11,Panipuri,Fastfood,20,3,60,Cash,Mrs.,Afternoon,Wednesday,1,11,False,Food
513,2022-10-06,Cold coffee,Beverages,40,5,200,Cash,Mrs.,Night,Thursday,10,6,False,Drink
514,2022-10-06,Cold coffee,Beverages,40,8,320,Online,Mrs.,Evening,Thursday,10,6,False,Drink
515,2022-11-02,Sandwich,Fastfood,60,7,420,Unknown,Mrs.,Night,Wednesday,11,2,False,Food
516,2022-10-06,Sugarcane juice,Beverages,25,12,300,Online,Mrs.,Midnight,Thursday,10,6,False,Drink
517,2022-07-02,Panipuri,Fastfood,20,13,260,Online,Mr.,Evening,Saturday,7,2,True,Food
518,2022-12-09,Aalopuri,Fastfood,20,6,120,Cash,Mrs.,Morning,Friday,12,9,False,Food
519,2022-10-06,Cold coffee,Beverages,40,10,400,Cash,Mr.,Morning,Thursday,10,6,False,Drink
520,2022-04-03,Panipuri,Fastfood,20,11,220,Online,Mrs.,Night,Sunday,4,3,True,Food
521,2022-10-06,Panipuri,Fastfood,20,14,280,Online,Mr.,Morning,Thursday,10,6,False,Food
522,2022-10-06,Panipuri,Fastfood,20,13,260,Cash,Mrs.,Midnight,Thursday,10,6,False,Food
523,2022-11-03,Frankie,Fastfood,50,6,300,Cash,Mr.,Afternoon,Thursday,11,3,False,Food
524,2022-05-01,Aalopuri,Fastfood,20,13,260,Online,Mr.,Afternoon,Sunday,5,1,True,Food
525,2022-05-04,Vadapav,Fastfood,20,3,60,Cash,Mr.,Midnight,Wednesday,5,4,False,Food
526,2022-07-04,Sandwich,Fastfood,60,10,600,Cash,Mrs.,Evening,Monday,7,4,False,Food
527,2023-01-06,Sugarcane juice,Beverages,25,6,150,Cash,Mrs.,Afternoon,Friday,1,6,False,Drink
528,2022-07-01,Sugarcane juice,Beverages,25,7,175,Cash,Mrs.,Midnight,Friday,7,1,False,Drink
529,2022-10-06,Aalopuri,Fastfood,20,12,240,Unknown,Mrs.,Afternoon,Thursday,10,6,False,Food
530,2022-10-06,Panipuri,Fastfood,20,6,120,Cash,Mrs.,Night,Thursday,10,6,False,Food
531,2022-10-04,Cold coffee,Beverages,40,10,400,Cash,Mr.,Night,Tuesday,10,4,False,Drink
532,2022-10-06,Panipuri,Fastfood,20,13,260,Online,Mrs.,Midnight,Thursday,10,6,False,Food
533,2023-02-05,Frankie,Fastfood,50,2,100,Unknown,Mrs.,Night,Sunday,2,5,True,Food
534,2022-10-06,Vadapav,Fastfood,20,2,40,Online,Mrs.,Night,Thursday,10,6,False,Food
535,2022-09-05,Sandwich,Fastfood,60,4,240,Online,Mr.,Midnight,Monday,9,5,False,Food
536,2023-03-01,Sugarcane juice,Beverages,25,7,175,Cash,Mrs.,Evening,Wednesday,3,1,False,Drink
537,2022-10-06,Panipuri,Fastfood,20,3,60,Cash,Mr.,Evening,Thursday,10,6,False,Food
538,2022-06-05,Panipuri,Fastfood,20,7,140,Online,Mr.,Morning,Sunday,6,5,True,Food
539,2022-09-07,Panipuri,Fastfood,20,3,60,Online,Mr.,Evening,Wednesday,9,7,False,Food
540,2022-10-06,Vadapav,Fastfood,20,13,260,Cash,Mr.,Afternoon,Thursday,10,6,False,Food
541,2022-10-06,Panipuri,Fastfood,20,12,240,Cash,Mr.,Night,Thursday,10,6,False,Food
542,2022-08-04,Sugarcane juice,Beverages,25,9,225,Cash,Mr.,Evening,Thursday,8,4,False,Drink
543,2022-04-10,Aalopuri,Fastfood,20,15,300,Cash,Mrs.,Evening,Sunday,4,10,True,Food
544,2022-10-06,Sandwich,Fastfood,60,15,900,Online,Mrs.,Morning,Thursday,10,6,False,Food
545,2023-01-01,Sandwich,Fastfood,60,13,780,Online,Mrs.,Midnight,Sunday,1,1,True,Food
546,2022-07-09,Aalopuri,Fastfood,20,1,20,Cash,Mrs.,Midnight,Saturday,7,9,True,Food
547,2022-10-06,Cold coffee,Beverages,40,10,400,Online,Mr.,Morning,Thursday,10,6,False,Drink
548,2022-10-06,Cold coffee,Beverages,40,14,560,Cash,Mr.,Afternoon,Thursday,10,6,False,Drink
549,2022-10-06,Sugarcane juice,Beverages,25,3,75,Online,Mr.,Afternoon,Thursday,10,6,False,Drink
550,2022-10-06,Cold coffee,Beverages,40,15,600,Online,Mr.,Afternoon,Thursday,10,6,False,Drink
551,2022-10-06,Sugarcane juice,Beverages,25,7,175,Cash,Mr.,Evening,Thursday,10,6,False,Drink
552,2022-09-12,Sugarcane juice,Beverages,25,15,375,Cash,Mrs.,Midnight,Monday,9,12,False,Drink
553,2022-11-11,Panipuri,Fastfood,20,14,280,Cash,Mr.,Evening,Friday,11,11,False,Food
554,2023-03-09,Panipuri,Fastfood,20,4,80,Cash,Mrs.,Afternoon,Thursday,3,9,False,Food
555,2022-10-06,Sandwich,Fastfood,60,6,360,Cash,Mrs.,Evening,Thursday,10,6,False,Food
556,2022-10-06,Vadapav,Fastfood,20,9,180,Cash,Mrs.,Night,Thursday,10,6,False,Food
557,2022-10-06,Sandwich,Fastfood,60,2,120,Cash,Mrs.,Evening,Thursday,10,6,False,Food
558,2022-10-01,Panipuri,Fastfood,20,5,100,Online,Mr.,Morning,Saturday,10,1,True,Food
559,2022-10-06,Cold coffee,Beverages,40,5,200,Online,Mrs.,Night,Thursday,10,6,False,Drink
560,2022-12-10,Sugarcane juice,Beverages,25,1,25,Cash,Mr.,Evening,Saturday,12,10,True,Drink
561,2022-10-06,Panipuri,Fastfood,20,1,20,Cash,Mrs.,Midnight,Thursday,10,6,False,Food
562,2022-08-09,Frankie,Fastfood,50,4,200,Cash,Mr.,Afternoon,Tuesday,8,9,False,Food
563,2022-10-06,Frankie,Fastfood,50,7,350,Online,Mrs.,Evening,Thursday,10,6,False,Food
564,2022-10-06,Cold coffee,Beverages,40,2,80,Unknown,Mr.,Morning,Thursday,10,6,False,Drink
565,2022-10-06,Panipuri,Fastfood,20,15,300,Cash,Mr.,Evening,Thursday,10,6,False,Food
566,2022-10-06,Frankie,Fastfood,50,3,150,Cash,Mr.,Evening,Thursday,10,6,False,Food
567,2022-10-06,Cold coffee,Beverages,40,7,280,Online,Mrs.,Afternoon,Thursday,10,6,False,Drink
568,2022-10-06,Panipuri,Fastfood,20,12,240,Unknown,Mrs.,Afternoon,Thursday,10,6,False,Food
569,2023-01-02,Cold coffee,Beverages,40,15,600,Online,Mrs.,Midnight,Monday,1,2,False,Drink
570,2022-10-06,Sugarcane juice,Beverages,25,4,100,Cash,Mr.,Morning,Thursday,10,6,False,Drink
571,2022-10-06,Sugarcane juice,Beverages,25,1,25,Cash,Mrs.,Evening,Thursday,10,6,False,Drink
572,2022-04-02,Sandwich,Fastfood,60,15,900,Cash,Mr.,Afternoon,Saturday,4,2,True,Food
573,2022-09-07,Frankie,Fastfood,50,2,100,Cash,Mr.,Afternoon,Wednesday,9,7,False,Food
574,2022-10-06,Aalopuri,Fastfood,20,1,20,Cash,Mrs.,Night,Thursday,10,6,False,Food
575,2022-10-06,Vadapav,Fastfood,20,1,20,Online,Mrs.,Midnight,Thursday,10,6,False,Food
576,2022-10-06,Panipuri,Fastfood,20,12,240,Cash,Mrs.,Afternoon,Thursday,10,6,False,Food
577,2022-09-06,Cold coffee,Beverages,40,7,280,Cash,Mr.,Evening,Tuesday,9,6,False,Drink
578,2022-10-06,Frankie,Fastfood,50,5,250,Online,Mrs.,Night,Thursday,10,6,False,Food
579,2022-10-06,Panipuri,Fastfood,20,2,40,Cash,Mr.,Evening,Thursday,10,6,False,Food
580,2022-07-01,Panipuri,Fastfood,20,10,200,Online,Mr.,Night,Friday,7,1,False,Food
581,2022-10-06,Sugarcane juice,Beverages,25,13,325,Cash,Mr.,Afternoon,Thursday,10,6,False,Drink
582,2022-05-12,Aalopuri,Fastfood,20,13,260,Cash,Mr.,Morning,Thursday,5,12,False,Food
583,2022-10-06,Frankie,Fastfood,50,8,400,Cash,Mr.,Night,Thursday,10,6,False,Food
584,2022-12-04,Cold coffee,Beverages,40,15,600,Cash,Mr.,Morning,Sunday,12,4,True,Drink
585,2023-03-05,Vadapav,Fastfood,20,11,220,Cash,Mrs.,Morning,Sunday,3,5,True,Food
586,2022-10-06,Sandwich,Fastfood,60,15,900,Online,Mr.,Night,Thursday,10,6,False,Food
587,2022-04-09,Aalopuri,Fastfood,20,10,200,Cash,Mrs.,Night,Saturday,4,9,True,Food
588,2022-10-06,Frankie,Fastfood,50,11,550,Cash,Mrs.,Morning,Thursday,10,6,False,Food
589,2022-10-06,Cold coffee,Beverages,40,5,200,Cash,Mr.,Night,Thursday,10,6,False,Drink
590,2022-10-06,Panipuri,Fastfood,20,15,300,Online,Mr.,Midnight,Thursday,10,6,False,Food
591,2022-10-01,Sandwich,Fastfood,60,13,780,Cash,Mrs.,Morning,Saturday,10,1,True,Food
592,2022-12-04,Sugarcane juice,Beverages,25,7,175,Cash,Mr.,Morning,Sunday,12,4,True,Drink
593,2022-10-06,Sugarcane juice,Beverages,25,9,225,Cash,Mrs.,Evening,Thursday,10,6,False,Drink
594,2022-10-06,Frankie,Fastfood,50,6,300,Cash,Mrs.,Morning,Thursday,10,6,False,Food
595,2022-10-06,Frankie,Fastfood,50,9,450,Online,Mr.,Afternoon,Thursday,10,6,False,Food
596,2022-10-06,Cold coffee,Beverages,40,1,40,Online,Mrs.,Night,Thursday,10,6,False,Drink
597,2022-10-06,Panipuri,Fastfood,20,10,200,Online,Mr.,Midnight,Thursday,10,6,False,Food
598,2022-08-02,Cold coffee,Beverages,40,8,320,Cash,Mrs.,Afternoon,Tuesday,8,2,False,Drink
599,2022-10-03,Frankie,Fastfood,50,13,650,Cash,Mr.,Morning,Monday,10,3,False,Food
600,2022-10-06,Panipuri,Fastfood,20,6,120,Cash,Mrs.,Morning,Thursday,10,6,False,Food
601,2022-11-01,Aalopuri,Fastfood,20,12,240,Online,Mr.,Morning,Tuesday,11,1,False,Food
602,2022-10-06,Aalopuri,Fastfood,20,10,200,Cash,Mr.,Night,Thursday,10,6,False,Food
603,2022-10-06,Vadapav,Fastfood,20,10,200,Cash,Mrs.,Afternoon,Thursday,10,6,False,Food
604,2022-09-08,Frankie,Fastfood,50,10,500,Cash,Mrs.,Night,Thursday,9,8,False,Food
605,2022-04-04,Cold coffee,Beverages,40,15,600,Unknown,Mrs.,Afternoon,Monday,4,4,False,Drink
606,2022-04-09,Cold coffee,Beverages,40,6,240,Cash,Mrs.,Night,Saturday,4,9,True,Drink
607,2022-10-06,Vadapav,Fastfood,20,9,180,Cash,Mrs.,Afternoon,Thursday,10,6,False,Food
608,2022-10-06,Aalopuri,Fastfood,20,1,20,Online,Mr.,Midnight,Thursday,10,6,False,Food
609,2023-02-07,Aalopuri,Fastfood,20,14,280,Unknown,Mr.,Midnight,Tuesday,2,7,False,Food
610,2022-05-08,Frankie,Fastfood,50,13,650,Online,Mrs.,Evening,Sunday,5,8,True,Food
611,2022-10-06,Aalopuri,Fastfood,20,2,40,Online,Mrs.,Morning,Thursday,10,6,False,Food
612,2023-02-06,Aalopuri,Fastfood,20,3,60,Online,Mr.,Midnight,Monday,2,6,False,Food
613,2022-06-10,Vadapav,Fastfood,20,5,100,Online,Mrs.,Night,Friday,6,10,False,Food
614,2022-10-06,Vadapav,Fastfood,20,2,40,Unknown,Mr.,Morning,Thursday,10,6,False,Food
615,2022-10-06,Sandwich,Fastfood,60,14,840,Unknown,Mr.,Morning,Thursday,10,6,False,Food
616,2022-10-06,Vadapav,Fastfood,20,6,120,Online,Mrs.,Midnight,Thursday,10,6,False,Food
617,2022-10-06,Sugarcane juice,Beverages,25,2,50,Cash,Mr.,Night,Thursday,10,6,False,Drink
618,2022-04-08,Frankie,Fastfood,50,1,50,Online,Mr.,Evening,Friday,4,8,False,Food
619,2022-09-09,Sugarcane juice,Beverages,25,4,100,Cash,Mrs.,Morning,Friday,9,9,False,Drink
620,2022-10-06,Panipuri,Fastfood,20,12,240,Online,Mrs.,Evening,Thursday,10,6,False,Food
621,2022-10-06,Aalopuri,Fastfood,20,2,40,Online,Mrs.,Evening,Thursday,10,6,False,Food
622,2022-10-06,Panipuri,Fastfood,20,13,260,Online,Mr.,Afternoon,Thursday,10,6,False,Food
623,2022-04-02,Cold coffee,Beverages,40,15,600,Cash,Mr.,Midnight,Saturday,4,2,True,Drink
624,2023-03-08,Sandwich,Fastfood,60,9,540,Cash,Mrs.,Morning,Wednesday,3,8,False,Food
625,2022-10-06,Sandwich,Fastfood,60,15,900,Online,Mr.,Morning,Thursday,10,6,False,Food
626,2023-02-01,Cold coffee,Beverages,40,15,600,Cash,Mr.,Night,Wednesday,2,1,False,Drink
627,2022-10-06,Sugarcane juice,Beverages,25,15,375,Online,Mr.,Afternoon,Thursday,10,6,False,Drink
628,2022-05-02,Cold coffee,Beverages,40,10,400,Unknown,Mrs.,Night,Monday,5,2,False,Drink
629,2022-10-06,Sugarcane juice,Beverages,25,9,225,Cash,Mrs.,Evening,Thursday,10,6,False,Drink
630,2022-10-06,Frankie,Fastfood,50,7,350,Unknown,Mrs.,Morning,Thursday,10,6,False,Food
631,2022-07-01,Cold coffee,Beverages,40,13,520,Cash,Mrs.,Evening,Friday,7,1,False,Drink
632,2022-10-06,Panipuri,Fastfood,20,9,180,Online,Mrs.,Night,Thursday,10,6,False,Food
633,2022-10-06,Cold coffee,Beverages,40,3,120,Online,Mr.,Evening,Thursday,10,6,False,Drink
634,2022-10-06,Panipuri,Fastfood,20,13,260,Cash,Mr.,Afternoon,Thursday,10,6,False,Food
635,2023-02-06,Vadapav,Fastfood,20,15,300,Online,Mrs.,Night,Monday,2,6,False,Food
636,2022-10-06,Cold coffee,Beverages,40,12,480,Unknown,Mr.,Morning,Thursday,10,6,False,Drink
637,2022-10-06,Aalopuri,Fastfood,20,7,140,Cash,Mr.,Midnight,Thursday,10,6,False,Food
638,2022-10-06,Cold coffee,Beverages,40,11,440,Online,Mrs.,Afternoon,Thursday,10,6,False,Drink
639,2022-10-06,Vadapav,Fastfood,20,14,280,Cash,Mrs.,Morning,Thursday,10,6,False,Food
640,2023-01-04,Sandwich,Fastfood,60,15,900,Online,Mr.,Night,Wednesday,1,4,False,Food
641,2023-02-09,Vadapav,Fastfood,20,15,300,Cash,Mr.,Afternoon,Thursday,2,9,False,Food
642,2022-05-09,Cold coffee,Beverages,40,10,400,Online,Mrs.,Morning,Monday,5,9,False,Drink
643,2022-10-06,Sugarcane juice,Beverages,25,2,50,Cash,Mr.,Afternoon,Thursday,10,6,False,Drink
644,2023-02-03,Panipuri,Fastfood,20,5,100,Online,Mrs.,Evening,Friday,2,3,False,Food
645,2022-10-06,Sandwich,Fastfood,60,9,540,Cash,Mrs.,Night,Thursday,10,6,False,Food
646,2022-10-06,Vadapav,Fastfood,20,14,280,Online,Mrs.,Afternoon,Thursday,10,6,False,Food
647,2022-06-05,Vadapav,Fastfood,20,3,60,Cash,Mr.,Afternoon,Sunday,6,5,True,Food
648,2022-10-06,Sandwich,Fastfood,60,7,420,Cash,Mr.,Night,Thursday,10,6,False,Food
649,2022-11-05,Frankie,Fastfood,50,9,450,Cash,Mr.,Midnight,Saturday,11,5,True,Food
650,2022-04-07,Sandwich,Fastfood,60,13,780,Online,Mrs.,Morning,Thursday,4,7,False,Food
651,2022-07-11,Sandwich,Fastfood,60,10,600,Online,Mrs.,Midnight,Monday,7,11,False,Food
652,2022-10-06,Cold coffee,Beverages,40,13,520,Online,Mrs.,Afternoon,Thursday,10,6,False,Drink
653,2022-10-06,Frankie,Fastfood,50,10,500,Online,Mrs.,Midnight,Thursday,10,6,False,Food
654,2023-03-04,Vadapav,Fastfood,20,9,180,Cash,Mrs.,Morning,Saturday,3,4,True,Food
655,2022-10-06,Sugarcane juice,Beverages,25,12,300,Online,Mr.,Morning,Thursday,10,6,False,Drink
656,2022-10-06,Sandwich,Fastfood,60,6,360,Online,Mrs.,Midnight,Thursday,10,6,False,Food
657,2023-01-10,Cold coffee,Beverages,40,7,280,Unknown,Mr.,Midnight,Tuesday,1,10,False,Drink
658,2022-10-10,Aalopuri,Fastfood,20,12,240,Unknown,Mrs.,Afternoon,Monday,10,10,False,Food
659,2022-10-06,Panipuri,Fastfood,20,2,40,Online,Mr.,Afternoon,Thursday,10,6,False,Food
660,2022-10-06,Sandwich,Fastfood,60,9,540,Cash,Mrs.,Night,Thursday,10,6,False,Food
661,2022-10-11,Frankie,Fastfood,50,7,350,Online,Mrs.,Midnight,Tuesday,10,11,False,Food
662,2022-10-06,Panipuri,Fastfood,20,3,60,Online,Mrs.,Afternoon,Thursday,10,6,False,Food
663,2023-02-05,Sugarcane juice,Beverages,25,1,25,Online,Mr.,Night,Sunday,2,5,True,Drink
664,2022-10-06,Frankie,Fastfood,50,10,500,Online,Mrs.,Morning,Thursday,10,6,False,Food
665,2022-05-06,Aalopuri,Fastfood,20,14,280,Online,Mrs.,Evening,Friday,5,6,False,Food
666,2022-10-06,Panipuri,Fastfood,20,9,180,Cash,Mr.,Evening,Thursday,10,6,False,Food
667,2022-10-06,Vadapav,Fastfood,20,3,60,Cash,Mrs.,Evening,Thursday,10,6,False,Food
668,2022-05-11,Aalopuri,Fastfood,20,4,80,Online,Mr.,Morning,Wednesday,5,11,False,Food
669,2022-10-06,Sandwich,Fastfood,60,11,660,Online,Mr.,Evening,Thursday,10,6,False,Food
670,2022-07-05,Panipuri,Fastfood,20,15,300,Cash,Mr.,Night,Tuesday,7,5,False,Food
671,2022-10-09,Sandwich,Fastfood,60,2,120,Online,Mr.,Afternoon,Sunday,10,9,True,Food
672,2022-10-06,Cold coffee,Beverages,40,3,120,Unknown,Mrs.,Evening,Thursday,10,6,False,Drink
673,2022-10-06,Sandwich,Fastfood,60,12,720,Cash,Mr.,Midnight,Thursday,10,6,False,Food
674,2022-10-06,Sugarcane juice,Beverages,25,13,325,Unknown,Mr.,Morning,Thursday,10,6,False,Drink
675,2022-10-06,Sandwich,Fastfood,60,12,720,Cash,Mr.,Night,Thursday,10,6,False,Food
676,2022-05-04,Frankie,Fastfood,50,7,350,Cash,Mrs.,Evening,Wednesday,5,4,False,Food
677,2022-10-06,Cold coffee,Beverages,40,3,120,Online,Mrs.,Morning,Thursday,10,6,False,Drink
678,2022-10-06,Aalopuri,Fastfood,20,3,60,Online,Mr.,Evening,Thursday,10,6,False,Food
679,2022-11-02,Sandwich,Fastfood,60,12,720,Online,Mr.,Morning,Wednesday,11,2,False,Food
680,2022-10-06,Cold coffee,Beverages,40,4,160,Cash,Mr.,Night,Thursday,10,6,False,Drink
681,2022-12-09,Frankie,Fastfood,50,9,450,Online,Mrs.,Night,Friday,12,9,False,Food
682,2022-10-11,Aalopuri,Fastfood,20,14,280,Online,Mr.,Midnight,Tuesday,10,11,False,Food
683,2022-08-12,Frankie,Fastfood,50,15,750,Cash,Mr.,Midnight,Friday,8,12,False,Food
684,2022-10-06,Vadapav,Fastfood,20,5,100,Cash,Mr.,Afternoon,Thursday,10,6,False,Food
685,2022-10-06,Aalopuri,Fastfood,20,3,60,Cash,Mrs.,Afternoon,Thursday,10,6,False,Food
686,2022-10-06,Cold coffee,Beverages,40,5,200,Cash,Mr.,Afternoon,Thursday,10,6,False,Drink
687,2022-10-06,Vadapav,Fastfood,20,10,200,Cash,Mrs.,Midnight,Thursday,10,6,False,Food
688,2022-10-06,Frankie,Fastfood,50,5,250,Online,Mr.,Afternoon,Thursday,10,6,False,Food
689,2022-10-06,Vadapav,Fastfood,20,6,120,Cash,Mrs.,Afternoon,Thursday,10,6,False,Food
690,2022-10-05,Vadapav,Fastfood,20,9,180,Cash,Mrs.,Night,Wednesday,10,5,False,Food
691,2022-04-01,Sandwich,Fastfood,60,7,420,Cash,Mrs.,Evening,Friday,4,1,False,Food
692,2022-10-06,Frankie,Fastfood,50,14,700,Online,Mr.,Afternoon,Thursday,10,6,False,Food
693,2022-10-06,Sugarcane juice,Beverages,25,13,325,Online,Mrs.,Midnight,Thursday,10,6,False,Drink
694,2022-10-06,Panipuri,Fastfood,20,14,280,Cash,Mr.,Midnight,Thursday,10,6,False,Food
695,2022-10-06,Panipuri,Fastfood,20,10,200,Online,Mrs.,Midnight,Thursday,10,6,False,Food
696,2022-10-06,Sugarcane juice,Beverages,25,3,75,Online,Mrs.,Evening,Thursday,10,6,False,Drink
697,2022-05-05,Sugarcane juice,Beverages,25,5,125,Cash,Mr.,Midnight,Thursday,5,5,False,Drink
698,2022-10-06,Panipuri,Fastfood,20,10,200,Online,Mr.,Night,Thursday,10,6,False,Food
699,2022-09-09,Cold coffee,Beverages,40,1,40,Online,Mr.,Evening,Friday,9,9,False,Drink
700,2022-10-06,Frankie,Fastfood,50,6,300,Cash,Mrs.,Evening,Thursday,10,6,False,Food
701,2022-10-06,Sugarcane juice,Beverages,25,14,350,Online,Mrs.,Evening,Thursday,10,6,False,Drink
702,2022-10-06,Cold coffee,Beverages,40,13,520,Cash,Mrs.,Afternoon,Thursday,10,6,False,Drink
703,2022-11-01,Panipuri,Fastfood,20,10,200,Online,Mrs.,Afternoon,Tuesday,11,1,False,Food
704,2022-10-06,Sandwich,Fastfood,60,1,60,Online,Mrs.,Evening,Thursday,10,6,False,Food
705,2022-10-07,Sandwich,Fastfood,60,6,360,Online,Mr.,Evening,Friday,10,7,False,Food
706,2023-02-05,Frankie,Fastfood,50,8,400,Online,Mr.,Night,Sunday,2,5,True,Food
707,2022-10-06,Panipuri,Fastfood,20,2,40,Online,Mr.,Night,Thursday,10,6,False,Food
708,2022-10-06,Sandwich,Fastfood,60,5,300,Cash,Mrs.,Midnight,Thursday,10,6,False,Food
709,2022-10-06,Cold coffee,Beverages,40,6,240,Cash,Mr.,Morning,Thursday,10,6,False,Drink
710,2022-10-06,Sandwich,Fastfood,60,15,900,Unknown,Mr.,Night,Thursday,10,6,False,Food
711,2022-10-06,Aalopuri,Fastfood,20,3,60,Cash,Mr.,Afternoon,Thursday,10,6,False,Food
712,2022-10-06,Vadapav,Fastfood,20,3,60,Online,Mrs.,Midnight,Thursday,10,6,False,Food
713,2022-12-02,Sugarcane juice,Beverages,25,14,350,Online,Mrs.,Morning,Friday,12,2,False,Drink
714,2022-10-06,Sugarcane juice,Beverages,25,14,350,Cash,Mr.,Afternoon,Thursday,10,6,False,Drink
715,2022-04-12,Sandwich,Fastfood,60,1,60,Online,Mr.,Morning,Tuesday,4,12,False,Food
716,2022-12-03,Panipuri,Fastfood,20,9,180,Cash,Mrs.,Midnight,Saturday,12,3,True,Food
717,2022-10-11,Sugarcane juice,Beverages,25,15,375,Unknown,Mrs.,Evening,Tuesday,10,11,False,Drink
718,2022-10-06,Aalopuri,Fastfood,20,2,40,Online,Mr.,Afternoon,Thursday,10,6,False,Food
719,2022-05-09,Vadapav,Fastfood,20,15,300,Cash,Mrs.,Midnight,Monday,5,9,False,Food
720,2022-05-10,Frankie,Fastfood,50,14,700,Cash,Mrs.,Morning,Tuesday,5,10,False,Food
721,2022-10-06,Panipuri,Fastfood,20,12,240,Unknown,Mr.,Afternoon,Thursday,10,6,False,Food
722,2022-10-06,Vadapav,Fastfood,20,15,300,Unknown,Mr.,Midnight,Thursday,10,6,False,Food
723,2022-10-06,Cold coffee,Beverages,40,10,400,Online,Mr.,Evening,Thursday,10,6,False,Drink
724,2022-10-06,Frankie,Fastfood,50,10,500,Cash,Mrs.,Night,Thursday,10,6,False,Food
725,2022-07-04,Vadapav,Fastfood,20,6,120,Online,Mrs.,Afternoon,Monday,7,4,False,Food
726,2022-09-11,Panipuri,Fastfood,20,1,20,Online,Mr.,Morning,Sunday,9,11,True,Food
727,2022-10-06,Aalopuri,Fastfood,20,5,100,Cash,Mrs.,Midnight,Thursday,10,6,False,Food
728,2022-08-03,Vadapav,Fastfood,20,1,20,Online,Mr.,Midnight,Wednesday,8,3,False,Food
729,2022-10-06,Sandwich,Fastfood,60,7,420,Cash,Mr.,Night,Thursday,10,6,False,Food
730,2022-10-06,Frankie,Fastfood,50,13,650,Cash,Mrs.,Afternoon,Thursday,10,6,False,Food
731,2023-03-09,Frankie,Fastfood,50,10,500,Cash,Mrs.,Afternoon,Thursday,3,9,False,Food
732,2022-10-06,Panipuri,Fastfood,20,7,140,Unknown,Mrs.,Midnight,Thursday,10,6,False,Food
733,2023-02-03,Frankie,Fastfood,50,10,500,Cash,Mr.,Evening,Friday,2,3,False,Food
734,2022-10-07,Frankie,Fastfood,50,7,350,Cash,Mr.,Evening,Friday,10,7,False,Food
735,2022-08-10,Panipuri,Fastfood,20,11,220,Cash,Mr.,Morning,Wednesday,8,10,False,Food
736,2022-10-06,Panipuri,Fastfood,20,13,260,Unknown,Mr.,Afternoon,Thursday,10,6,False,Food
737,2022-10-06,Frankie,Fastfood,50,13,650,Online,Mrs.,Night,Thursday,10,6,False,Food
738,2023-03-01,Sandwich,Fastfood,60,4,240,Online,Mrs.,Morning,Wednesday,3,1,False,Food
739,2022-06-06,Aalopuri,Fastfood,20,11,220,Online,Mr.,Night,Monday,6,6,False,Food
740,2022-10-06,Aalopuri,Fastfood,20,9,180,Cash,Mr.,Midnight,Thursday,10,6,False,Food
741,2022-10-06,Aalopuri,Fastfood,20,5,100,Online,Mr.,Afternoon,Thursday,10,6,False,Food
742,2022-10-06,Panipuri,Fastfood,20,14,280,Online,Mr.,Night,Thursday,10,6,False,Food
743,2022-11-09,Panipuri,Fastfood,20,1,20,Cash,Mr.,Morning,Wednesday,11,9,False,Food
744,2022-10-06,Frankie,Fastfood,50,10,500,Cash,Mrs.,Morning,Thursday,10,6,False,Food
745,2022-09-11,Aalopuri,Fastfood,20,2,40,Online,Mr.,Evening,Sunday,9,11,True,Food
746,2022-08-05,Sugarcane juice,Beverages,25,5,125,Online,Mrs.,Midnight,Friday,8,5,False,Drink
747,2022-10-06,Cold coffee,Beverages,40,3,120,Cash,Mrs.,Midnight,Thursday,10,6,False,Drink
748,2022-10-06,Sandwich,Fastfood,60,14,840,Cash,Mrs.,Night,Thursday,10,6,False,Food
749,2022-10-06,Vadapav,Fastfood,20,11,220,Cash,Mr.,Morning,Thursday,10,6,False,Food
750,2023-02-01,Frankie,Fastfood,50,1,50,Online,Mr.,Evening,Wednesday,2,1,False,Food
751,2022-10-06,Vadapav,Fastfood,20,2,40,Cash,Mr.,Afternoon,Thursday,10,6,False,Food
752,2022-06-04,Panipuri,Fastfood,20,2,40,Online,Mrs.,Morning,Saturday,6,4,True,Food
753,2022-10-06,Sugarcane juice,Beverages,25,1,25,Cash,Mr.,Midnight,Thursday,10,6,False,Drink
754,2022-10-06,Sugarcane juice,Beverages,25,14,350,Cash,Mrs.,Evening,Thursday,10,6,False,Drink
755,2023-01-02,Aalopuri,Fastfood,20,12,240,Cash,Mrs.,Night,Monday,1,2,False,Food
756,2022-10-06,Sugarcane juice,Beverages,25,10,250,Online,Mrs.,Morning,Thursday,10,6,False,Drink
757,2022-10-06,Sugarcane juice,Beverages,25,11,275,Online,Mr.,Morning,Thursday,10,6,False,Drink
758,2022-10-06,Vadapav,Fastfood,20,3,60,Cash,Mrs.,Evening,Thursday,10,6,False,Food
759,2022-10-06,Sugarcane juice,Beverages,25,13,325,Online,Mr.,Midnight,Thursday,10,6,False,Drink
760,2022-10-06,Sugarcane juice,Beverages,25,1,25,Online,Mrs.,Evening,Thursday,10,6,False,Drink
761,2022-11-12,Sandwich,Fastfood,60,3,180,Unknown,Mrs.,Midnight,Saturday,11,12,True,Food
762,2022-04-09,Vadapav,Fastfood,20,12,240,Online,Mrs.,Midnight,Saturday,4,9,True,Food
763,2022-07-04,Vadapav,Fastfood,20,14,280,Unknown,Mrs.,Night,Monday,7,4,False,Food
764,2022-10-06,Sandwich,Fastfood,60,7,420,Cash,Mrs.,Night,Thursday,10,6,False,Food
765,2022-10-06,Sandwich,Fastfood,60,13,780,Cash,Mr.,Night,Thursday,10,6,False,Food
766,2022-10-06,Sandwich,Fastfood,60,10,600,Online,Mrs.,Morning,Thursday,10,6,False,Food
767,2022-10-06,Frankie,Fastfood,50,8,400,Cash,Mrs.,Afternoon,Thursday,10,6,False,Food
768,2023-01-12,Sandwich,Fastfood,60,14,840,Cash,Mr.,Afternoon,Thursday,1,12,False,Food
769,2022-06-07,Frankie,Fastfood,50,8,400,Cash,Mr.,Morning,Tuesday,6,7,False,Food
770,2022-10-06,Aalopuri,Fastfood,20,8,160,Cash,Mrs.,Morning,Thursday,10,6,False,Food
771,2022-10-06,Panipuri,Fastfood,20,5,100,Online,Mrs.,Midnight,Thursday,10,6,False,Food
772,2022-10-06,Cold coffee,Beverages,40,9,360,Cash,Mr.,Evening,Thursday,10,6,False,Drink
773,2022-10-06,Cold coffee,Beverages,40,7,280,Online,Mr.,Afternoon,Thursday,10,6,False,Drink
774,2022-10-06,Vadapav,Fastfood,20,1,20,Online,Mrs.,Night,Thursday,10,6,False,Food
775,2022-10-06,Sandwich,Fastfood,60,6,360,Cash,Mr.,Night,Thursday,10,6,False,Food
776,2023-02-07,Frankie,Fastfood,50,10,500,Cash,Mr.,Midnight,Tuesday,2,7,False,Food
777,2022-10-06,Panipuri,Fastfood,20,13,260,Cash,Mr.,Morning,Thursday,10,6,False,Food
778,2022-06-11,Frankie,Fastfood,50,13,650,Cash,Mr.,Evening,Saturday,6,11,True,Food
779,2022-10-06,Sandwich,Fastfood,60,13,780,Unknown,Mr.,Night,Thursday,10,6,False,Food
780,2022-10-06,Sugarcane juice,Beverages,25,13,325,Online,Mrs.,Afternoon,Thursday,10,6,False,Drink
781,2022-10-06,Aalopuri,Fastfood,20,10,200,Online,Mr.,Midnight,Thursday,10,6,False,Food
782,2022-10-06,Aalopuri,Fastfood,20,5,100,Online,Mr.,Night,Thursday,10,6,False,Food
783,2022-10-06,Aalopuri,Fastfood,20,8,160,Cash,Mr.,Morning,Thursday,10,6,False,Food
784,2022-07-09,Vadapav,Fastfood,20,8,160,Cash,Mrs.,Morning,Saturday,7,9,True,Food
785,2022-12-07,Aalopuri,Fastfood,20,2,40,Online,Mr.,Afternoon,Wednesday,12,7,False,Food
786,2022-10-06,Sandwich,Fastfood,60,14,840,Online,Mrs.,Night,Thursday,10,6,False,Food
787,2022-10-06,Aalopuri,Fastfood,20,2,40,Cash,Mrs.,Afternoon,Thursday,10,6,False,Food
788,2022-10-06,Sugarcane juice,Beverages,25,7,175,Online,Mr.,Afternoon,Thursday,10,6,False,Drink
789,2022-08-03,Sugarcane juice,Beverages,25,7,175,Cash,Mr.,Morning,Wednesday,8,3,False,Drink
790,2022-10-06,Panipuri,Fastfood,20,3,60,Cash,Mrs.,Evening,Thursday,10,6,False,Food
791,2022-04-07,Vadapav,Fastfood,20,3,60,Unknown,Mr.,Midnight,Thursday,4,7,False,Food
792,2022-10-06,Vadapav,Fastfood,20,2,40,Cash,Mrs.,Morning,Thursday,10,6,False,Food
793,2022-10-06,Sandwich,Fastfood,60,6,360,Cash,Mrs.,Night,Thursday,10,6,False,Food
794,2022-10-02,Sugarcane juice,Beverages,25,5,125,Online,Mr.,Afternoon,Sunday,10,2,True,Drink
795,2023-01-10,Vadapav,Fastfood,20,9,180,Cash,Mr.,Evening,Tuesday,1,10,False,Food
796,2022-10-06,Sugarcane juice,Beverages,25,14,350,Online,Mr.,Night,Thursday,10,6,False,Drink
797,2022-10-06,Cold coffee,Beverages,40,11,440,Cash,Mr.,Night,Thursday,10,6,False,Drink
798,2022-10-06,Frankie,Fastfood,50,12,600,Unknown,Mr.,Night,Thursday,10,6,False,Food
799,2023-01-11,Panipuri,Fastfood,20,1,20,Online,Mrs.,Night,Wednesday,1,11,False,Food
800,2022-11-06,Cold coffee,Beverages,40,14,560,Cash,Mr.,Night,Sunday,11,6,True,Drink
801,2022-10-06,Aalopuri,Fastfood,20,7,140,Cash,Mrs.,Evening,Thursday,10,6,False,Food
802,2022-10-06,Sandwich,Fastfood,60,7,420,Online,Mrs.,Afternoon,Thursday,10,6,False,Food
803,2022-10-06,Vadapav,Fastfood,20,5,100,Unknown,Mr.,Night,Thursday,10,6,False,Food
804,2022-10-11,Cold coffee,Beverages,40,12,480,Online,Mrs.,Night,Tuesday,10,11,False,Drink
805,2022-05-08,Sugarcane juice,Beverages,25,1,25,Online,Mr.,Afternoon,Sunday,5,8,True,Drink
806,2022-10-06,Vadapav,Fastfood,20,3,60,Online,Mr.,Evening,Thursday,10,6,False,Food
807,2022-10-06,Frankie,Fastfood,50,1,50,Online,Mrs.,Midnight,Thursday,10,6,False,Food
808,2022-10-06,Panipuri,Fastfood,20,1,20,Online,Mr.,Morning,Thursday,10,6,False,Food
809,2022-12-12,Panipuri,Fastfood,20,10,200,Online,Mr.,Evening,Monday,12,12,False,Food
810,2022-10-06,Vadapav,Fastfood,20,3,60,Online,Mr.,Morning,Thursday,10,6,False,Food
811,2023-03-02,Aalopuri,Fastfood,20,13,260,Cash,Mr.,Afternoon,Thursday,3,2,False,Food
812,2022-08-08,Panipuri,Fastfood,20,5,100,Cash,Mr.,Afternoon,Monday,8,8,False,Food
813,2022-10-06,Panipuri,Fastfood,20,10,200,Online,Mr.,Afternoon,Thursday,10,6,False,Food
814,2022-10-05,Vadapav,Fastfood,20,13,260,Cash,Mrs.,Midnight,Wednesday,10,5,False,Food
815,2022-10-06,Cold coffee,Beverages,40,12,480,Online,Mrs.,Afternoon,Thursday,10,6,False,Drink
816,2023-01-11,Sugarcane juice,Beverages,25,11,275,Cash,Mr.,Morning,Wednesday,1,11,False,Drink
817,2022-10-06,Aalopuri,Fastfood,20,12,240,Cash,Mrs.,Evening,Thursday,10,6,False,Food
818,2022-10-06,Frankie,Fastfood,50,6,300,Cash,Mr.,Night,Thursday,10,6,False,Food
819,2022-10-12,Vadapav,Fastfood,20,10,200,Cash,Mr.,Evening,Wednesday,10,12,False,Food
820,2022-10-06,Aalopuri,Fastfood,20,3,60,Unknown,Mr.,Midnight,Thursday,10,6,False,Food
821,2022-10-06,Aalopuri,Fastfood,20,12,240,Cash,Mrs.,Midnight,Thursday,10,6,False,Food
822,2022-10-06,Panipuri,Fastfood,20,12,240,Online,Mr.,Morning,Thursday,10,6,False,Food
823,2022-10-06,Panipuri,Fastfood,20,11,220,Online,Mr.,Midnight,Thursday,10,6,False,Food
824,2022-10-06,Vadapav,Fastfood,20,2,40,Online,Mrs.,Evening,Thursday,10,6,False,Food
825,2022-10-06,Panipuri,Fastfood,20,14,280,Cash,Mrs.,Morning,Thursday,10,6,False,Food
826,2022-12-02,Sandwich,Fastfood,60,15,900,Cash,Mrs.,Night,Friday,12,2,False,Food
827,2023-01-06,Sandwich,Fastfood,60,12,720,Cash,Mr.,Midnight,Friday,1,6,False,Food
828,2022-10-06,Panipuri,Fastfood,20,6,120,Cash,Mr.,Evening,Thursday,10,6,False,Food
829,2022-10-06,Cold coffee,Beverages,40,6,240,Cash,Mr.,Night,Thursday,10,6,False,Drink
830,2022-10-06,Cold coffee,Beverages,40,9,360,Unknown,Mr.,Night,Thursday,10,6,False,Drink
831,2022-08-01,Frankie,Fastfood,50,5,250,Online,Mrs.,Morning,Monday,8,1,False,Food
832,2022-06-06,Sugarcane juice,Beverages,25,4,100,Cash,Mr.,Morning,Monday,6,6,False,Drink
833,2022-09-01,Panipuri,Fastfood,20,2,40,Online,Mrs.,Evening,Thursday,9,1,False,Food
834,2022-10-06,Sugarcane juice,Beverages,25,14,350,Cash,Mr.,Evening,Thursday,10,6,False,Drink
835,2022-10-06,Sugarcane juice,Beverages,25,7,175,Online,Mr.,Afternoon,Thursday,10,6,False,Drink
836,2022-10-06,Vadapav,Fastfood,20,2,40,Cash,Mrs.,Midnight,Thursday,10,6,False,Food
837,2022-10-06,Aalopuri,Fastfood,20,7,140,Cash,Mr.,Midnight,Thursday,10,6,False,Food
838,2022-10-06,Cold coffee,Beverages,40,9,360,Online,Mrs.,Morning,Thursday,10,6,False,Drink
839,2022-05-08,Sugarcane juice,Beverages,25,4,100,Cash,Mrs.,Afternoon,Sunday,5,8,True,Drink
840,2022-10-06,Cold coffee,Beverages,40,15,600,Unknown,Mrs.,Midnight,Thursday,10,6,False,Drink
841,2023-02-03,Vadapav,Fastfood,20,9,180,Cash,Mr.,Night,Friday,2,3,False,Food
842,2022-10-06,Panipuri,Fastfood,20,2,40,Cash,Mrs.,Evening,Thursday,10,6,False,Food
843,2022-07-04,Sugarcane juice,Beverages,25,1,25,Cash,Mrs.,Morning,Monday,7,4,False,Drink
844,2022-05-04,Sugarcane juice,Beverages,25,13,325,Cash,Mr.,Morning,Wednesday,5,4,False,Drink
845,2022-07-01,Cold coffee,Beverages,40,6,240,Online,Mrs.,Evening,Friday,7,1,False,Drink
846,2022-10-06,Aalopuri,Fastfood,20,5,100,Online,Mr.,Afternoon,Thursday,10,6,False,Food
847,2022-10-06,Panipuri,Fastfood,20,11,220,Online,Mr.,Midnight,Thursday,10,6,False,Food
848,2022-11-10,Frankie,Fastfood,50,9,450,Cash,Mr.,Night,Thursday,11,10,False,Food
849,2022-11-03,Cold coffee,Beverages,40,10,400,Cash,Mrs.,Night,Thursday,11,3,False,Drink
850,2022-10-06,Vadapav,Fastfood,20,3,60,Online,Mrs.,Afternoon,Thursday,10,6,False,Food
851,2022-10-06,Aalopuri,Fastfood,20,15,300,Online,Mrs.,Night,Thursday,10,6,False,Food
852,2022-05-05,Sugarcane juice,Beverages,25,8,200,Online,Mr.,Night,Thursday,5,5,False,Drink
853,2022-10-06,Cold coffee,Beverages,40,3,120,Online,Mrs.,Midnight,Thursday,10,6,False,Drink
854,2022-10-06,Cold coffee,Beverages,40,14,560,Online,Mrs.,Night,Thursday,10,6,False,Drink
855,2022-10-06,Vadapav,Fastfood,20,5,100,Online,Mr.,Evening,Thursday,10,6,False,Food
856,2022-05-04,Aalopuri,Fastfood,20,11,220,Cash,Mrs.,Night,Wednesday,5,4,False,Food
857,2022-11-08,Sugarcane juice,Beverages,25,14,350,Online,Mrs.,Evening,Tuesday,11,8,False,Drink
858,2022-10-06,Cold coffee,Beverages,40,9,360,Cash,Mr.,Evening,Thursday,10,6,False,Drink
859,2022-10-08,Sandwich,Fastfood,60,11,660,Cash,Mrs.,Midnight,Saturday,10,8,True,Food
860,2022-10-06,Cold coffee,Beverages,40,5,200,Cash,Mr.,Night,Thursday,10,6,False,Drink
861,2022-10-06,Sugarcane juice,Beverages,25,8,200,Cash,Mrs.,Night,Thursday,10,6,False,Drink
862,2023-03-10,Frankie,Fastfood,50,7,350,Online,Mr.,Night,Friday,3,10,False,Food
863,2022-09-08,Frankie,Fastfood,50,9,450,Online,Mr.,Night,Thursday,9,8,False,Food
864,2022-10-06,Cold coffee,Beverages,40,9,360,Online,Mr.,Morning,Thursday,10,6,False,Drink
865,2022-10-06,Sugarcane juice,Beverages,25,6,150,Cash,Mrs.,Night,Thursday,10,6,False,Drink
866,2022-10-06,Frankie,Fastfood,50,10,500,Online,Mr.,Midnight,Thursday,10,6,False,Food
867,2022-10-06,Frankie,Fastfood,50,15,750,Cash,Mr.,Midnight,Thursday,10,6,False,Food
868,2022-10-06,Aalopuri,Fastfood,20,13,260,Cash,Mrs.,Evening,Thursday,10,6,False,Food
869,2022-10-06,Panipuri,Fastfood,20,9,180,Online,Mr.,Midnight,Thursday,10,6,False,Food
870,2022-10-06,Cold coffee,Beverages,40,5,200,Online,Mrs.,Afternoon,Thursday,10,6,False,Drink
871,2022-12-07,Vadapav,Fastfood,20,14,280,Unknown,Mrs.,Evening,Wednesday,12,7,False,Food
872,2022-10-06,Sandwich,Fastfood,60,12,720,Cash,Mr.,Afternoon,Thursday,10,6,False,Food
873,2022-05-09,Sugarcane juice,Beverages,25,1,25,Online,Mr.,Night,Monday,5,9,False,Drink
874,2022-05-09,Cold coffee,Beverages,40,4,160,Cash,Mr.,Midnight,Monday,5,9,False,Drink
875,2022-08-05,Vadapav,Fastfood,20,15,300,Cash,Mr.,Evening,Friday,8,5,False,Food
876,2022-06-10,Cold coffee,Beverages,40,8,320,Online,Mrs.,Evening,Friday,6,10,False,Drink
877,2022-10-06,Sugarcane juice,Beverages,25,14,350,Cash,Mrs.,Afternoon,Thursday,10,6,False,Drink
878,2022-08-12,Sandwich,Fastfood,60,6,360,Online,Mr.,Evening,Friday,8,12,False,Food
879,2022-11-06,Cold coffee,Beverages,40,9,360,Cash,Mrs.,Evening,Sunday,11,6,True,Drink
880,2022-10-06,Sugarcane juice,Beverages,25,5,125,Cash,Mrs.,Morning,Thursday,10,6,False,Drink
881,2022-10-06,Sandwich,Fastfood,60,2,120,Cash,Mr.,Midnight,Thursday,10,6,False,Food
882,2022-10-06,Panipuri,Fastfood,20,9,180,Online,Mr.,Morning,Thursday,10,6,False,Food
883,2022-10-06,Aalopuri,Fastfood,20,5,100,Online,Mrs.,Midnight,Thursday,10,6,False,Food
884,2023-03-01,Vadapav,Fastfood,20,12,240,Online,Mr.,Night,Wednesday,3,1,False,Food
885,2022-10-06,Sugarcane juice,Beverages,25,4,100,Cash,Mr.,Evening,Thursday,10,6,False,Drink
886,2022-10-06,Sugarcane juice,Beverages,25,4,100,Cash,Mrs.,Night,Thursday,10,6,False,Drink
887,2022-10-06,Aalopuri,Fastfood,20,3,60,Cash,Mr.,Morning,Thursday,10,6,False,Food
888,2022-09-05,Vadapav,Fastfood,20,8,160,Cash,Mr.,Evening,Monday,9,5,False,Food
889,2022-04-12,Vadapav,Fastfood,20,10,200,Online,Mr.,Midnight,Tuesday,4,12,False,Food
890,2023-03-03,Sugarcane juice,Beverages,25,5,125,Cash,Mrs.,Morning,Friday,3,3,False,Drink
891,2022-10-06,Cold coffee,Beverages,40,11,440,Cash,Mr.,Midnight,Thursday,10,6,False,Drink
892,2022-10-06,Sugarcane juice,Beverages,25,7,175,Online,Mrs.,Evening,Thursday,10,6,False,Drink
893,2022-10-06,Sugarcane juice,Beverages,25,12,300,Cash,Mrs.,Afternoon,Thursday,10,6,False,Drink
894,2022-10-06,Sandwich,Fastfood,60,15,900,Cash,Mr.,Morning,Thursday,10,6,False,Food
895,2023-01-03,Sugarcane juice,Beverages,25,11,275,Cash,Mr.,Afternoon,Tuesday,1,3,False,Drink
896,2022-10-06,Aalopuri,Fastfood,20,13,260,Cash,Mr.,Night,Thursday,10,6,False,Food
897,2022-10-06,Aalopuri,Fastfood,20,6,120,Online,Mr.,Morning,Thursday,10,6,False,Food
898,2023-03-02,Frankie,Fastfood,50,8,400,Cash,Mr.,Afternoon,Thursday,3,2,False,Food
899,2022-10-06,Aalopuri,Fastfood,20,7,140,Cash,Mr.,Midnight,Thursday,10,6,False,Food
900,2022-12-07,Sugarcane juice,Beverages,25,9,225,Online,Mr.,Afternoon,Wednesday,12,7,False,Drink
901,2022-10-06,Vadapav,Fastfood,20,7,140,Online,Mrs.,Morning,Thursday,10,6,False,Food
902,2022-10-06,Frankie,Fastfood,50,4,200,Online,Mr.,Afternoon,Thursday,10,6,False,Food
903,2023-01-01,Aalopuri,Fastfood,20,15,300,Online,Mr.,Night,Sunday,1,1,True,Food
904,2023-03-12,Aalopuri,Fastfood,20,4,80,Cash,Mrs.,Midnight,Sunday,3,12,True,Food
905,2022-10-06,Frankie,Fastfood,50,15,750,Cash,Mrs.,Midnight,Thursday,10,6,False,Food
906,2022-04-04,Sandwich,Fastfood,60,15,900,Cash,Mr.,Afternoon,Monday,4,4,False,Food
907,2022-10-06,Cold coffee,Beverages,40,4,160,Unknown,Mrs.,Midnight,Thursday,10,6,False,Drink
908,2023-03-06,Sandwich,Fastfood,60,7,420,Cash,Mrs.,Night,Monday,3,6,False,Food
909,2022-10-06,Cold coffee,Beverages,40,12,480,Online,Mrs.,Morning,Thursday,10,6,False,Drink
910,2022-10-09,Panipuri,Fastfood,20,1,20,Cash,Mrs.,Afternoon,Sunday,10,9,True,Food
911,2022-04-09,Sandwich,Fastfood,60,1,60,Cash,Mr.,Evening,Saturday,4,9,True,Food
912,2022-10-06,Aalopuri,Fastfood,20,6,120,Cash,Mr.,Evening,Thursday,10,6,False,Food
913,2022-10-06,Frankie,Fastfood,50,15,750,Online,Mr.,Evening,Thursday,10,6,False,Food
914,2023-03-01,Sandwich,Fastfood,60,14,840,Cash,Mr.,Night,Wednesday,3,1,False,Food
915,2022-10-07,Cold coffee,Beverages,40,7,280,Online,Mr.,Afternoon,Friday,10,7,False,Drink
916,2022-10-06,Cold coffee,Beverages,40,15,600,Unknown,Mrs.,Afternoon,Thursday,10,6,False,Drink
917,2022-10-06,Vadapav,Fastfood,20,15,300,Online,Mr.,Evening,Thursday,10,6,False,Food
918,2022-11-12,Panipuri,Fastfood,20,6,120,Cash,Mr.,Evening,Saturday,11,12,True,Food
919,2023-01-03,Vadapav,Fastfood,20,8,160,Online,Mrs.,Evening,Tuesday,1,3,False,Food
920,2022-07-12,Frankie,Fastfood,50,13,650,Online,Mr.,Evening,Tuesday,7,12,False,Food
921,2022-10-06,Vadapav,Fastfood,20,14,280,Cash,Mr.,Midnight,Thursday,10,6,False,Food
922,2022-10-06,Frankie,Fastfood,50,5,250,Online,Mrs.,Evening,Thursday,10,6,False,Food
923,2022-10-06,Cold coffee,Beverages,40,3,120,Online,Mr.,Morning,Thursday,10,6,False,Drink
924,2022-10-06,Panipuri,Fastfood,20,14,280,Cash,Mr.,Afternoon,Thursday,10,6,False,Food
925,2022-04-10,Frankie,Fastfood,50,4,200,Online,Mrs.,Afternoon,Sunday,4,10,True,Food
926,2022-10-06,Frankie,Fastfood,50,15,750,Cash,Mrs.,Afternoon,Thursday,10,6,False,Food
927,2022-12-02,Cold coffee,Beverages,40,6,240,Unknown,Mrs.,Evening,Friday,12,2,False,Drink
928,2022-04-07,Sandwich,Fastfood,60,11,660,Online,Mr.,Evening,Thursday,4,7,False,Food
929,2022-06-06,Frankie,Fastfood,50,9,450,Online,Mrs.,Night,Monday,6,6,False,Food
930,2022-10-06,Sugarcane juice,Beverages,25,10,250,Online,Mr.,Night,Thursday,10,6,False,Drink
931,2022-10-06,Aalopuri,Fastfood,20,15,300,Cash,Mr.,Afternoon,Thursday,10,6,False,Food
932,2022-10-06,Sandwich,Fastfood,60,9,540,Online,Mr.,Afternoon,Thursday,10,6,False,Food
933,2022-10-06,Sugarcane juice,Beverages,25,15,375,Online,Mrs.,Afternoon,Thursday,10,6,False,Drink
934,2022-10-06,Cold coffee,Beverages,40,4,160,Cash,Mrs.,Afternoon,Thursday,10,6,False,Drink
935,2022-10-06,Sandwich,Fastfood,60,12,720,Cash,Mr.,Midnight,Thursday,10,6,False,Food
936,2022-08-10,Panipuri,Fastfood,20,2,40,Unknown,Mr.,Midnight,Wednesday,8,10,False,Food
937,2022-10-06,Panipuri,Fastfood,20,4,80,Cash,Mr.,Night,Thursday,10,6,False,Food
938,2022-08-10,Sugarcane juice,Beverages,25,14,350,Cash,Mr.,Evening,Wednesday,8,10,False,Drink
939,2022-10-06,Vadapav,Fastfood,20,15,300,Online,Mr.,Midnight,Thursday,10,6,False,Food
940,2023-02-07,Sugarcane juice,Beverages,25,14,350,Online,Mrs.,Midnight,Tuesday,2,7,False,Drink
941,2023-02-10,Cold coffee,Beverages,40,10,400,Online,Mrs.,Morning,Friday,2,10,False,Drink
942,2022-10-06,Frankie,Fastfood,50,6,300,Cash,Mr.,Night,Thursday,10,6,False,Food
943,2022-10-06,Vadapav,Fastfood,20,6,120,Cash,Mrs.,Night,Thursday,10,6,False,Food
944,2022-05-12,Aalopuri,Fastfood,20,2,40,Cash,Mr.,Midnight,Thursday,5,12,False,Food
945,2022-10-06,Cold coffee,Beverages,40,2,80,Online,Mrs.,Afternoon,Thursday,10,6,False,Drink
946,2022-10-06,Sandwich,Fastfood,60,8,480,Cash,Mr.,Midnight,Thursday,10,6,False,Food
947,2022-10-06,Aalopuri,Fastfood,20,11,220,Online,Mr.,Night,Thursday,10,6,False,Food
948,2022-10-06,Sandwich,Fastfood,60,10,600,Online,Mr.,Evening,Thursday,10,6,False,Food
949,2023-01-07,Panipuri,Fastfood,20,1,20,Cash,Mrs.,Evening,Saturday,1,7,True,Food
950,2022-10-06,Frankie,Fastfood,50,6,300,Online,Mrs.,Evening,Thursday,10,6,False,Food
951,2022-11-11,Panipuri,Fastfood,20,11,220,Cash,Mrs.,Afternoon,Friday,11,11,False,Food
952,2022-10-06,Aalopuri,Fastfood,20,14,280,Cash,Mrs.,Evening,Thursday,10,6,False,Food
953,2022-11-10,Sandwich,Fastfood,60,2,120,Online,Mrs.,Afternoon,Thursday,11,10,False,Food
954,2022-10-06,Aalopuri,Fastfood,20,3,60,Cash,Mrs.,Midnight,Thursday,10,6,False,Food
955,2022-10-06,Sugarcane juice,Beverages,25,7,175,Online,Mr.,Afternoon,Thursday,10,6,False,Drink
956,2022-10-06,Frankie,Fastfood,50,13,650,Online,Mr.,Morning,Thursday,10,6,False,Food
957,2023-02-08,Panipuri,Fastfood,20,3,60,Online,Mrs.,Midnight,Wednesday,2,8,False,Food
958,2022-10-06,Sandwich,Fastfood,60,11,660,Online,Mrs.,Night,Thursday,10,6,False,Food
959,2022-10-06,Vadapav,Fastfood,20,8,160,Online,Mrs.,Midnight,Thursday,10,6,False,Food
960,2022-08-12,Sugarcane juice,Beverages,25,15,375,Online,Mrs.,Evening,Friday,8,12,False,Drink
961,2022-10-06,Frankie,Fastfood,50,13,650,Cash,Mr.,Night,Thursday,10,6,False,Food
962,2022-10-06,Frankie,Fastfood,50,13,650,Online,Mrs.,Afternoon,Thursday,10,6,False,Food
963,2022-10-05,Vadapav,Fastfood,20,6,120,Cash,Mrs.,Morning,Wednesday,10,5,False,Food
964,2022-05-07,Cold coffee,Beverages,40,8,320,Cash,Mr.,Evening,Saturday,5,7,True,Drink
965,2022-10-08,Frankie,Fastfood,50,5,250,Online,Mrs.,Night,Saturday,10,8,True,Food
966,2022-10-06,Panipuri,Fastfood,20,11,220,Online,Mrs.,Morning,Thursday,10,6,False,Food
967,2022-10-06,Cold coffee,Beverages,40,14,560,Cash,Mr.,Afternoon,Thursday,10,6,False,Drink
968,2022-08-09,Cold coffee,Beverages,40,15,600,Cash,Mrs.,Morning,Tuesday,8,9,False,Drink
969,2022-11-06,Cold coffee,Beverages,40,11,440,Cash,Mr.,Morning,Sunday,11,6,True,Drink
970,2022-10-06,Aalopuri,Fastfood,20,5,100,Online,Mrs.,Afternoon,Thursday,10,6,False,Food
971,2022-10-02,Frankie,Fastfood,50,2,100,Cash,Mrs.,Morning,Sunday,10,2,True,Food
972,2023-03-11,Aalopuri,Fastfood,20,1,20,Cash,Mrs.,Afternoon,Saturday,3,11,True,Food
973,2022-06-07,Sugarcane juice,Beverages,25,1,25,Unknown,Mrs.,Morning,Tuesday,6,7,False,Drink
974,2022-10-06,Vadapav,Fastfood,20,13,260,Online,Mr.,Afternoon,Thursday,10,6,False,Food
975,2022-10-06,Aalopuri,Fastfood,20,1,20,Cash,Mr.,Midnight,Thursday,10,6,False,Food
976,2022-10-06,Sugarcane juice,Beverages,25,11,275,Unknown,Mrs.,Morning,Thursday,10,6,False,Drink
977,2023-01-05,Aalopuri,Fastfood,20,1,20,Cash,Mr.,Evening,Thursday,1,5,False,Food
978,2022-10-08,Frankie,Fastfood,50,2,100,Online,Mr.,Night,Saturday,10,8,True,Food
979,2022-10-06,Aalopuri,Fastfood,20,13,260,Cash,Mrs.,Midnight,Thursday,10,6,False,Food
980,2022-10-06,Vadapav,Fastfood,20,9,180,Online,Mr.,Morning,Thursday,10,6,False,Food
981,2022-10-06,Panipuri,Fastfood,20,15,300,Online,Mr.,Midnight,Thursday,10,6,False,Food
982,2022-10-06,Sugarcane juice,Beverages,25,14,350,Cash,Mrs.,Night,Thursday,10,6,False,Drink
983,2022-10-06,Cold coffee,Beverages,40,10,400,Unknown,Mrs.,Night,Thursday,10,6,False,Drink
984,2023-01-07,Frankie,Fastfood,50,3,150,Cash,Mr.,Afternoon,Saturday,1,7,True,Food
985,2022-10-06,Frankie,Fastfood,50,1,50,Cash,Mrs.,Afternoon,Thursday,10,6,False,Food
986,2022-10-06,Sugarcane juice,Beverages,25,13,325,Online,Mr.,Night,Thursday,10,6,False,Drink
987,2023-01-04,Vadapav,Fastfood,20,3,60,Cash,Mrs.,Evening,Wednesday,1,4,False,Food
988,2023-01-03,Frankie,Fastfood,50,13,650,Unknown,Mrs.,Night,Tuesday,1,3,False,Food
989,2022-10-11,Cold coffee,Beverages,40,13,520,Cash,Mr.,Afternoon,Tuesday,10,11,False,Drink
990,2022-10-06,Vadapav,Fastfood,20,10,200,Online,Mrs.,Morning,Thursday,10,6,False,Food
991,2022-10-06,Sandwich,Fastfood,60,7,420,Cash,Mrs.,Night,Thursday,10,6,False,Food
992,2022-10-06,Sandwich,Fastfood,60,5,300,Cash,Mr.,Morning,Thursday,10,6,False,Food
993,2022-10-06,Frankie,Fastfood,50,3,150,Online,Mrs.,Night,Thursday,10,6,False,Food
994,2022-11-01,Panipuri,Fastfood,20,2,40,Online,Mrs.,Evening,Tuesday,11,1,False,Food
995,2022-10-06,Sugarcane juice,Beverages,25,1,25,Online,Mr.,Night,Thursday,10,6,False,Drink
996,2022-10-06,Frankie,Fastfood,50,10,500,Unknown,Mrs.,Evening,Thursday,10,6,False,Food
997,2022-10-06,Sandwich,Fastfood,60,7,420,Unknown,Mr.,Evening,Thursday,10,6,False,Food
998,2022-10-06,Sandwich,Fastfood,60,13,780,Unknown,Mr.,Evening,Thursday,10,6,False,Food
999,2022-10-06,Panipuri,Fastfood,20,5,100,Unknown,Mrs.,Afternoon,Thursday,10,6,False,Food
1000,2022-10-06,Aalopuri,Fastfood,20,3,60,Online,Mrs.,Midnight,Thursday,10,6,False,Food
